"Symbol","Name","LastSale","MarketCap","ADR TSO","IPOyear","Sector","Industry","Summary Quote",
"VNET","21Vianet Group, Inc.","7.69","459030195.77","59691833","2011","Technology","Computer Software: Programming, Data Processing","http://www.nasdaq.com/symbol/vnet",
"TWOU","2U, Inc.","60.03","3120419069.82","n/a","2014","Technology","Computer Software: Prepackaged Software","http://www.nasdaq.com/symbol/twou",
"DDD","3D Systems Corporation","12.96","1474851227.04","n/a","n/a","Technology","Computer Software: Prepackaged Software","http://www.nasdaq.com/symbol/ddd",
"JOBS","51job, Inc.","61.73","1653954791.83","26793371","2004","Technology","Diversified Commercial Services","http://www.nasdaq.com/symbol/jobs",
"WUBA","58.com Inc.","65.32","9508924641.68","n/a","2013","Technology","Computer Software: Programming, Data Processing","http://www.nasdaq.com/symbol/wuba",
"ATEN","A10 Networks, Inc.","7.63","539946449.35","n/a","2014","Technology","Computer Communications Equipment","http://www.nasdaq.com/symbol/aten",
"AAN","Aaron&#39;s,  Inc.","42.96","3117963810.96","n/a","n/a","Technology","Diversified Commercial Services","http://www.nasdaq.com/symbol/aan",
"ACIA","Acacia Communications, Inc.","46.2","1812339375","n/a","2016","Technology","Semiconductors","http://www.nasdaq.com/symbol/acia",
"ACIW","ACI Worldwide, Inc.","23.99","2835733247.96","n/a","n/a","Technology","Computer Software: Prepackaged Software","http://www.nasdaq.com/symbol/aciw",
"ATVI","Activision Blizzard, Inc","61.36","46321963236.64","n/a","n/a","Technology","Computer Software: Prepackaged Software","http://www.nasdaq.com/symbol/atvi",
"ACTA","Actua Corporation","15.85","519880000","n/a","n/a","Technology","EDP Services","http://www.nasdaq.com/symbol/acta",
"ATU","Actuant Corporation","26.2","1564037427","n/a","n/a","Technology","Industrial Machinery/Components","http://www.nasdaq.com/symbol/atu",
"ACXM","Acxiom Corporation","24.69","1970514628.08","n/a","n/a","Technology","EDP Services","http://www.nasdaq.com/symbol/acxm",
"IOTS","Adesto Technologies Corporation","8.35","174877364.95","n/a","2015","Technology","Semiconductors","http://www.nasdaq.com/symbol/iots",
"ADBE","Adobe Systems Incorporated","153.65","75740694101.1","n/a","1986","Technology","Computer Software: Prepackaged Software","http://www.nasdaq.com/symbol/adbe",
"AMD","Advanced Micro Devices, Inc.","13.88","13141293061.32","n/a","n/a","Technology","Semiconductors","http://www.nasdaq.com/symbol/amd",
"ASX","Advanced Semiconductor Engineering, Inc.","6.34","10490856385.06","n/a","n/a","Technology","Semiconductors","http://www.nasdaq.com/symbol/asx",
"AER","Aercap Holdings N.V.","52","8497768552","n/a","2006","Technology","Diversified Commercial Services","http://www.nasdaq.com/symbol/aer",
"ACY","AeroCentury Corp.","14.7","20825475.3","n/a","n/a","Technology","Diversified Commercial Services","http://www.nasdaq.com/symbol/acy",
"HIVE","Aerohive Networks, Inc.","4.11","221420779.59","n/a","2014","Technology","EDP Services","http://www.nasdaq.com/symbol/hive",
"AGYS","Agilysys, Inc.","12.69","296840190.78","n/a","n/a","Technology","EDP Services","http://www.nasdaq.com/symbol/agys",
"AL","Air Lease Corporation","43.84","4524815745.92","n/a","2011","Technology","Diversified Commercial Services","http://www.nasdaq.com/symbol/al",
"AYR","Aircastle Limited","23.99","1888341782.95","n/a","2006","Technology","Diversified Commercial Services","http://www.nasdaq.com/symbol/ayr",
"AIRG","Airgain, Inc.","9.29","88666175.4","n/a","2016","Technology","Radio And Television Broadcasting And Communications Equipment","http://www.nasdaq.com/symbol/airg",
"AMCN","AirMedia Group Inc","2.51","113396149.99","45177749","2007","Technology","Advertising","http://www.nasdaq.com/symbol/amcn",
"ALRM","Alarm.com Holdings, Inc.","48.1","2246662784.6","n/a","2015","Technology","Computer Software: Prepackaged Software","http://www.nasdaq.com/symbol/alrm",
"ALLT","Allot Communications Ltd.","5.2","172194776","n/a","2006","Technology","Computer Communications Equipment","http://www.nasdaq.com/symbol/allt",
"MDRX","Allscripts Healthcare Solutions, Inc.","13.92","2514117536.64","n/a","n/a","Technology","EDP Services","http://www.nasdaq.com/symbol/mdrx",
"AOSL","Alpha and Omega Semiconductor Limited","17.42","418739695.4","n/a","2010","Technology","Semiconductors","http://www.nasdaq.com/symbol/aosl",
"GOOG","Alphabet Inc.","989.25","685431033504","n/a","2004","Technology","Computer Software: Programming, Data Processing","http://www.nasdaq.com/symbol/goog",
"GOOGL","Alphabet Inc.","1005.65","696794257107.2","n/a","n/a","Technology","Computer Software: Programming, Data Processing","http://www.nasdaq.com/symbol/googl",
"AABA","Altaba Inc.","69.22","61389450051.98","n/a","n/a","Technology","EDP Services","http://www.nasdaq.com/symbol/aaba",
"AYX","Alteryx, Inc.","21.13","1241347965.77","n/a","2017","Technology","Computer Software: Prepackaged Software","http://www.nasdaq.com/symbol/ayx",
"AMBA","Ambarella, Inc.","51.51","1710863699.55","n/a","2012","Technology","Semiconductors","http://www.nasdaq.com/symbol/amba",
"AMBR","Amber Road, Inc.","8.34","226505217.66","n/a","2014","Technology","Computer Software: Prepackaged Software","http://www.nasdaq.com/symbol/ambr",
"DOX","Amdocs Limited","65.33","9496042150","n/a","n/a","Technology","EDP Services","http://www.nasdaq.com/symbol/dox",
"AMSWA","American Software, Inc.","12","356732688","n/a","n/a","Technology","Computer Software: Prepackaged Software","http://www.nasdaq.com/symbol/amswa",
"AMKR","Amkor Technology, Inc.","10.71","2562639041.34","n/a","1998","Technology","Semiconductors","http://www.nasdaq.com/symbol/amkr",
"AMN","AMN Healthcare Services Inc","42.25","2025750441","n/a","n/a","Technology","Professional Services","http://www.nasdaq.com/symbol/amn",
"ASYS","Amtech Systems, Inc.","12.68","184505906.52","n/a","n/a","Technology","Industrial Machinery/Components","http://www.nasdaq.com/symbol/asys",
"ADI","Analog Devices, Inc.","88.57","32564332174.65","n/a","n/a","Technology","Semiconductors","http://www.nasdaq.com/symbol/adi",
"ANSS","ANSYS, Inc.","127.14","10776471965.22","n/a","1996","Technology","Computer Software: Prepackaged Software","http://www.nasdaq.com/symbol/anss",
"APPF","AppFolio, Inc.","51.65","1751571792.85","n/a","2015","Technology","Computer Software: Prepackaged Software","http://www.nasdaq.com/symbol/appf",
"APPN","Appian Corporation","23.28","1399541452.8","n/a","2017","Technology","Computer Software: Prepackaged Software","http://www.nasdaq.com/symbol/appn",
"AAPL","Apple Inc.","156.55","808616443400","n/a","1980","Technology","Computer Manufacturing","http://www.nasdaq.com/symbol/aapl",
"AMAT","Applied Materials, Inc.","53.23","56769111792.95","n/a","1972","Technology","Semiconductors","http://www.nasdaq.com/symbol/amat",
"AAOI","Applied Optoelectronics, Inc.","61.44","1185989222.4","n/a","2013","Technology","Semiconductors","http://www.nasdaq.com/symbol/aaoi",
"APTI","Apptio, Inc.","18.56","741577179.52","n/a","2016","Technology","Computer Software: Prepackaged Software","http://www.nasdaq.com/symbol/apti",
"ANET","Arista Networks, Inc.","192.95","13994656360.85","n/a","2014","Technology","Computer Communications Equipment","http://www.nasdaq.com/symbol/anet",
"ARRS","ARRIS International plc","28.39","5324159134.14","n/a","n/a","Technology","Radio And Television Broadcasting And Communications Equipment","http://www.nasdaq.com/symbol/arrs",
"ASML","ASML Holding N.V.","172.9","12254573476.6","70876654","1995","Technology","Industrial Machinery/Components","http://www.nasdaq.com/symbol/asml",
"AZPN","Aspen Technology, Inc.","64.57","4720015925.13","n/a","1994","Technology","EDP Services","http://www.nasdaq.com/symbol/azpn",
"ALOT","AstroNova, Inc.","12.85","86639403.1","n/a","1983","Technology","Computer peripheral equipment","http://www.nasdaq.com/symbol/alot",
"ASUR","Asure Software Inc","12.67","157376553.32","n/a","n/a","Technology","EDP Services","http://www.nasdaq.com/symbol/asur",
"TEAM","Atlassian Corporation Plc","40.39","9228239142.85","n/a","2015","Technology","Computer Software: Prepackaged Software","http://www.nasdaq.com/symbol/team",
"ATOM","Atomera Incorporated","4","48642548","n/a","2016","Technology","Semiconductors","http://www.nasdaq.com/symbol/atom",
"ATTU","Attunity Ltd.","7.01","119607739.45","n/a","n/a","Technology","Computer Software: Prepackaged Software","http://www.nasdaq.com/symbol/attu",
"AUO","AU Optronics Corp","4.07","3917067759.77","n/a","2002","Technology","Semiconductors","http://www.nasdaq.com/symbol/auo",
"ADSK","Autodesk, Inc.","118.57","25989624845.36","n/a","n/a","Technology","Computer Software: Prepackaged Software","http://www.nasdaq.com/symbol/adsk",
"ATHM","Autohome Inc.","61.82","7127674387.68","n/a","2013","Technology","EDP Services","http://www.nasdaq.com/symbol/athm",
"ADP","Automatic Data Processing, Inc.","113.09","50262028109.52","n/a","n/a","Technology","EDP Services","http://www.nasdaq.com/symbol/adp",
"AUTO","AutoWeb, Inc.","7.57","96312716.36","n/a","n/a","Technology","Computer Software: Programming, Data Processing","http://www.nasdaq.com/symbol/auto",
"AVNW","Aviat Networks, Inc.","17.01","90458448.57","n/a","n/a","Technology","Radio And Television Broadcasting And Communications Equipment","http://www.nasdaq.com/symbol/avnw",
"AVID","Avid Technology, Inc.","4.67","192076231.38","n/a","1993","Technology","Computer Software: Prepackaged Software","http://www.nasdaq.com/symbol/avid",
"AWRE","Aware, Inc.","4.55","98867691.65","n/a","1996","Technology","Computer Software: Prepackaged Software","http://www.nasdaq.com/symbol/awre",
"ACLS","Axcelis Technologies, Inc.","28.4","886755948.4","n/a","2000","Technology","Industrial Machinery/Components","http://www.nasdaq.com/symbol/acls",
"AXTI","AXT Inc","9.4","363353644.2","n/a","1998","Technology","Semiconductors","http://www.nasdaq.com/symbol/axti",
"BOSC","B.O.S. Better Online Solutions","1.91","6181369.29","n/a","n/a","Technology","Computer Communications Equipment","http://www.nasdaq.com/symbol/bosc",
"BIDU","Baidu, Inc.","260.32","71723382019.2","275520060","2005","Technology","Computer Software: Programming, Data Processing","http://www.nasdaq.com/symbol/bidu",
"RATE","Bankrate, Inc.","13.95","1251237982.05","n/a","2011","Technology","EDP Services","http://www.nasdaq.com/symbol/rate",
"CUDA","Barracuda Networks, Inc.","22.65","1199730477.45","n/a","2013","Technology","Computer peripheral equipment","http://www.nasdaq.com/symbol/cuda",
"BBSI","Barrett Business Services, Inc.","58.05","423495531.9","n/a","1993","Technology","Professional Services","http://www.nasdaq.com/symbol/bbsi",
"BV","Bazaarvoice, Inc.","4.75","406554974.75","n/a","2012","Technology","Computer Software: Prepackaged Software","http://www.nasdaq.com/symbol/bv",
"BHE","Benchmark Electronics, Inc.","35.4","1767315582.6","n/a","n/a","Technology","Electrical Products","http://www.nasdaq.com/symbol/bhe",
"BNFT","Benefitfocus, Inc.","30.45","949424970.9","n/a","2013","Technology","Computer Software: Prepackaged Software","http://www.nasdaq.com/symbol/bnft",
"BGSF","BG Staffing Inc","17.2","150661267.2","n/a","n/a","Technology","Professional Services","http://www.nasdaq.com/symbol/bgsf",
"BKYI","BIO-key International, Inc.","2.55","16571016.9","n/a","n/a","Technology","Computer Communications Equipment","http://www.nasdaq.com/symbol/bkyi",
"BITA","Bitauto Holdings Limited","49.98","3534886729.5","n/a","2010","Technology","EDP Services","http://www.nasdaq.com/symbol/bita",
"BBOX","Black Box Corporation","3.2","48440665.6","n/a","n/a","Technology","Computer Communications Equipment","http://www.nasdaq.com/symbol/bbox",
"BKI","Black Knight, Inc.","44.55","6836275863.45","n/a","2017","Technology","Computer Software: Prepackaged Software","http://www.nasdaq.com/symbol/bki",
"BLKB","Blackbaud, Inc.","89.96","4323573227.48","n/a","2004","Technology","Computer Software: Prepackaged Software","http://www.nasdaq.com/symbol/blkb",
"BBRY","BlackBerry Limited","11.39","6041385481.52","n/a","n/a","Technology","Computer Software: Prepackaged Software","http://www.nasdaq.com/symbol/bbry",
"BL","BlackLine, Inc.","33.28","1746206026.24","n/a","2016","Technology","Computer Software: Prepackaged Software","http://www.nasdaq.com/symbol/bl",
"BDR","Blonder Tongue Laboratories, Inc.","0.43","3492389.05","n/a","n/a","Technology","Radio And Television Broadcasting And Communications Equipment","http://www.nasdaq.com/symbol/bdr",
"EPAY","Bottomline Technologies, Inc.","32.66","1319069826.46","n/a","1999","Technology","Computer Software: Prepackaged Software","http://www.nasdaq.com/symbol/epay",
"BOX","Box, Inc.","19.2","2568290150.4","n/a","2015","Technology","Computer Software: Prepackaged Software","http://www.nasdaq.com/symbol/box",
"BLIN          ","Bridgeline Digital, Inc.","2.6799","11257852.5552","n/a","n/a","Technology","Computer Software: Prepackaged Software","http://www.nasdaq.com/symbol/blin",
"BCOV","Brightcove Inc.","7.15","245567650.9","n/a","2012","Technology","EDP Services","http://www.nasdaq.com/symbol/bcov",
"AVGO","Broadcom Limited","250.4","102158030241.6","n/a","2009","Technology","Semiconductors","http://www.nasdaq.com/symbol/avgo",
"BSFT","BroadSoft, Inc.","53.55","1660788668.7","n/a","2010","Technology","Computer Software: Prepackaged Software","http://www.nasdaq.com/symbol/bsft",
"BVSN","BroadVision, Inc.","4.275","21226708.8","n/a","1996","Technology","Computer Software: Prepackaged Software","http://www.nasdaq.com/symbol/bvsn",
"BRCD","Brocade Communications Systems, Inc.","12.29","5085800286.86","n/a","1999","Technology","Computer Communications Equipment","http://www.nasdaq.com/symbol/brcd",
"BRKS","Brooks Automation, Inc.","30.37","2118589941","n/a","1995","Technology","Industrial Machinery/Components","http://www.nasdaq.com/symbol/brks",
"CA","CA Inc.","33.63","14167313463","n/a","n/a","Technology","Computer Software: Prepackaged Software","http://www.nasdaq.com/symbol/ca",
"CCMP","Cabot Microelectronics Corporation","81.65","2066242820.05","n/a","2000","Technology","Semiconductors","http://www.nasdaq.com/symbol/ccmp",
"CACI","CACI International, Inc.","142.15","3483904455.35","n/a","n/a","Technology","EDP Services","http://www.nasdaq.com/symbol/caci",
"CDNS","Cadence Design Systems, Inc.","41.39","11597519390","n/a","n/a","Technology","Computer Software: Prepackaged Software","http://www.nasdaq.com/symbol/cdns",
"CAI","CAI International, Inc.","30.99","596451018.36","n/a","n/a","Technology","Diversified Commercial Services","http://www.nasdaq.com/symbol/cai",
"CAMP","CalAmp Corp.","23.91","851228517.6","n/a","1983","Technology","Radio And Television Broadcasting And Communications Equipment","http://www.nasdaq.com/symbol/camp",
"CALD","Callidus Software, Inc.","25.3","1711359449.8","n/a","2003","Technology","EDP Services","http://www.nasdaq.com/symbol/cald",
"CSIQ","Canadian Solar Inc.","15.75","910864599.75","n/a","2006","Technology","Semiconductors","http://www.nasdaq.com/symbol/csiq",
"CARB","Carbonite, Inc.","22.3","619918904.2","n/a","2011","Technology","EDP Services","http://www.nasdaq.com/symbol/carb",
"CARS","Cars.com Inc.","27.74","1985882660.38","n/a","2017","Technology","EDP Services","http://www.nasdaq.com/symbol/cars",
"CSLT","Castlight Health, inc.","4.55","599177392.45","n/a","2014","Technology","EDP Services","http://www.nasdaq.com/symbol/cslt",
"CAVM","Cavium, Inc.","68.94","4740308471.16","n/a","2007","Technology","Semiconductors","http://www.nasdaq.com/symbol/cavm",
"CLS","Celestica, Inc.","12.52","1566081026.88","n/a","1998","Technology","Electrical Products","http://www.nasdaq.com/symbol/cls",
"CRNT","Ceragon Networks Ltd.","2.07","161343183.69","n/a","n/a","Technology","Radio And Television Broadcasting And Communications Equipment","http://www.nasdaq.com/symbol/crnt",
"CERN","Cerner Corporation","71.52","23714788624.8","n/a","1986","Technology","EDP Services","http://www.nasdaq.com/symbol/cern",
"CEVA","CEVA, Inc.","43.9","964229916.5","n/a","n/a","Technology","Semiconductors","http://www.nasdaq.com/symbol/ceva",
"CYOU","Changyou.com Limited","39.67","762265238.52","19215156","2009","Technology","Computer Software: Prepackaged Software","http://www.nasdaq.com/symbol/cyou",
"ECOM          ","ChannelAdvisor Corporation","12.15","321140695.95","n/a","2013","Technology","Computer Software: Prepackaged Software","http://www.nasdaq.com/symbol/ecom",
"CHKP","Check Point Software Technologies Ltd.","117.71","19536941262.84","n/a","1996","Technology","Computer Software: Prepackaged Software","http://www.nasdaq.com/symbol/chkp",
"CMCM","Cheetah Mobile Inc.","8.51","1222317638.45","n/a","2014","Technology","Computer Software: Prepackaged Software","http://www.nasdaq.com/symbol/cmcm",
"CVR","Chicago Rivet & Machine Co.","31.55","30481464.6","n/a","n/a","Technology","Industrial Machinery/Components","http://www.nasdaq.com/symbol/cvr",
"CNIT","China Information Technology, Inc.","1.27","51093571.93","n/a","n/a","Technology","Computer Software: Prepackaged Software","http://www.nasdaq.com/symbol/cnit",
"CCIH","ChinaCache International Holdings Ltd.","1.12","22414530.88","20012974","2010","Technology","EDP Services","http://www.nasdaq.com/symbol/ccih",
"CNET","ChinaNet Online Holdings, Inc.","1.23","15178866.66","n/a","n/a","Technology","Computer Software: Programming, Data Processing","http://www.nasdaq.com/symbol/cnet",
"IMOS","ChipMOS TECHNOLOGIES INC.","21.65","273852105.7","12649058","n/a","Technology","Semiconductors","http://www.nasdaq.com/symbol/imos",
"CRUS","Cirrus Logic, Inc.","55.02","3510401060.46","n/a","1989","Technology","Semiconductors","http://www.nasdaq.com/symbol/crus",
"CSCO","Cisco Systems, Inc.","33.59","166336197035.09","n/a","1990","Technology","Computer Communications Equipment","http://www.nasdaq.com/symbol/csco",
"CISN","Cision Ltd.","13.35","1610476208.7","n/a","2017","Technology","Computer Software: Prepackaged Software","http://www.nasdaq.com/symbol/cisn",
"CTXS","Citrix Systems, Inc.","80.57","12207267455.25","n/a","1995","Technology","Computer Software: Prepackaged Software","http://www.nasdaq.com/symbol/ctxs",
"CLNT","Cleantech Solutions International, Inc.","4.97","9750498.87","n/a","n/a","Technology","Industrial Machinery/Components","http://www.nasdaq.com/symbol/clnt",
"CLDR","Cloudera, Inc.","15.78","2074772436.54","n/a","2017","Technology","Computer Software: Prepackaged Software","http://www.nasdaq.com/symbol/cldr",
"CTSH","Cognizant Technology Solutions Corporation","73.6","43469830057.6","n/a","1998","Technology","EDP Services","http://www.nasdaq.com/symbol/ctsh",
"CHUBA","CommerceHub, Inc.","23.11","999495205.48","n/a","n/a","Technology","Computer Software: Prepackaged Software","http://www.nasdaq.com/symbol/chuba",
"CHUBK","CommerceHub, Inc.","22.01","951920790.68","n/a","n/a","Technology","Computer Software: Prepackaged Software","http://www.nasdaq.com/symbol/chubk",
"COMM","CommScope Holding Company, Inc.","32.34","6242955803.7","n/a","2013","Technology","Radio And Television Broadcasting And Communications Equipment","http://www.nasdaq.com/symbol/comm",
"CVLT","Commvault Systems, Inc.","62.3","2835717884.3","n/a","2006","Technology","Computer Software: Prepackaged Software","http://www.nasdaq.com/symbol/cvlt",
"CPSI","Computer Programs and Systems, Inc.","29.95","411983993.7","n/a","2002","Technology","EDP Services","http://www.nasdaq.com/symbol/cpsi",
"CTG","Computer Task Group, Incorporated","5.39","84621868.1","n/a","n/a","Technology","EDP Services","http://www.nasdaq.com/symbol/ctg",
"CMTL","Comtech Telecommunications Corp.","22.69","535165001.29","n/a","n/a","Technology","Radio And Television Broadcasting And Communications Equipment","http://www.nasdaq.com/symbol/cmtl",
"CCUR","Concurrent Computer Corporation","6","59364618","n/a","n/a","Technology","Computer Manufacturing","http://www.nasdaq.com/symbol/ccur",
"CNXR","Connecture, Inc.","0.66","15099339.42","n/a","2014","Technology","Computer Software: Prepackaged Software","http://www.nasdaq.com/symbol/cnxr",
"CVG","Convergys Corporation","25.98","2423416738.2","n/a","1998","Technology","EDP Services","http://www.nasdaq.com/symbol/cvg",
"CLGX","CoreLogic, Inc.","48.34","4075482364.64","n/a","n/a","Technology","EDP Services","http://www.nasdaq.com/symbol/clgx",
"CSOD","Cornerstone OnDemand, Inc.","40.26","2318131345.2","n/a","2011","Technology","Computer Software: Prepackaged Software","http://www.nasdaq.com/symbol/csod",
"CPAH","CounterPath Corporation","2.3891","13231277.7835","n/a","n/a","Technology","Computer Software: Prepackaged Software","http://www.nasdaq.com/symbol/cpah",
"COUP","Coupa Software Incorporated","35.37","1895979528.27","n/a","2016","Technology","Computer Software: Prepackaged Software","http://www.nasdaq.com/symbol/coup",
"CRAY","Cray Inc","20.1","811446547.5","n/a","n/a","Technology","Computer Manufacturing","http://www.nasdaq.com/symbol/cray",
"CREE","Cree, Inc.","29.39","2870958064.79","n/a","1993","Technology","Semiconductors","http://www.nasdaq.com/symbol/cree",
"CRTO","Criteo S.A.","45.6","2910678232.8","63830663","2013","Technology","Advertising","http://www.nasdaq.com/symbol/crto",
"CCRN","Cross Country Healthcare, Inc.","13.45","490848375.35","n/a","2001","Technology","Professional Services","http://www.nasdaq.com/symbol/ccrn",
"CSGS","CSG Systems International, Inc.","40.92","1374282527.64","n/a","1996","Technology","EDP Services","http://www.nasdaq.com/symbol/csgs",
"CSPI","CSP Inc.","10.9625","43012278.6375","n/a","1982","Technology","EDP Services","http://www.nasdaq.com/symbol/cspi",
"CSRA","CSRA Inc.","31.03","5072627295.11","n/a","2015","Technology","EDP Services","http://www.nasdaq.com/symbol/csra",
"CTS","CTS Corporation","25.65","844739811.9","n/a","n/a","Technology","Electrical Products","http://www.nasdaq.com/symbol/cts",
"CW","Curtiss-Wright Corporation","110.95","4897100670.7","n/a","n/a","Technology","Industrial Machinery/Components","http://www.nasdaq.com/symbol/cw",
"CVV","CVD Equipment Corporation","11.8","75287516.4","n/a","n/a","Technology","Industrial Machinery/Components","http://www.nasdaq.com/symbol/cvv",
"CYBR","CyberArk Software Ltd.","42.11","1449561836.31","n/a","2014","Technology","Computer Software: Prepackaged Software","http://www.nasdaq.com/symbol/cybr",
"CY","Cypress Semiconductor Corporation","15.99","5316485662.41","n/a","1986","Technology","Semiconductors","http://www.nasdaq.com/symbol/cy",
"CYRN","CYREN Ltd.","1.85","72492483.1","n/a","n/a","Technology","Computer Software: Prepackaged Software","http://www.nasdaq.com/symbol/cyrn",
"DQ","DAQO New Energy Corp.","32.6","342920671.4","n/a","2010","Technology","Semiconductors","http://www.nasdaq.com/symbol/dq",
"DWCH","Datawatch Corporation","11.95","145783547","n/a","1992","Technology","Computer Software: Prepackaged Software","http://www.nasdaq.com/symbol/dwch",
"DVMT","Dell Technologies Inc.","79.36","16121235635.2","n/a","n/a","Technology","Computer Manufacturing","http://www.nasdaq.com/symbol/dvmt",
"DTRM","Determine, Inc. ","2.15","31403798.7","n/a","n/a","Technology","Computer Software: Prepackaged Software","http://www.nasdaq.com/symbol/dtrm",
"DGII","Digi International Inc.","11.25","298571703.75","n/a","1989","Technology","Computer Communications Equipment","http://www.nasdaq.com/symbol/dgii",
"DMRC","Digimarc Corporation","36.5","411256742","n/a","n/a","Technology","EDP Services","http://www.nasdaq.com/symbol/dmrc",
"DGLY","Digital Ally, Inc.","2.3","15965981.3","n/a","n/a","Technology","Radio And Television Broadcasting And Communications Equipment","http://www.nasdaq.com/symbol/dgly",
"DIOD","Diodes Incorporated","32.04","1572309076.68","n/a","n/a","Technology","Semiconductors","http://www.nasdaq.com/symbol/diod",
"DLHC","DLH Holdings Corp.","6","69598656","n/a","n/a","Technology","Professional Services","http://www.nasdaq.com/symbol/dlhc",
"DOV","Dover Corporation","93.82","14610989680.5","n/a","n/a","Technology","Industrial Machinery/Components","http://www.nasdaq.com/symbol/dov",
"DSPG","DSP Group, Inc.","13.85","308158428.1","n/a","1994","Technology","Semiconductors","http://www.nasdaq.com/symbol/dspg",
"DST","DST Systems, Inc.","56.12","3395756269.16","n/a","1995","Technology","EDP Services","http://www.nasdaq.com/symbol/dst",
"DXC","DXC Technology Company","87.65","24953036428","n/a","n/a","Technology","EDP Services","http://www.nasdaq.com/symbol/dxc",
"ETN","Eaton Corporation, PLC","78.53","34930144000","n/a","n/a","Technology","Industrial Machinery/Components","http://www.nasdaq.com/symbol/etn",
"EBIX","Ebix, Inc.","66.1","2078979910.1","n/a","n/a","Technology","EDP Services","http://www.nasdaq.com/symbol/ebix",
"ELON","Echelon Corporation","4.99","22226233.45","n/a","1998","Technology","Computer Communications Equipment","http://www.nasdaq.com/symbol/elon",
"SATS","EchoStar Corporation","55.98","5354407620.36","n/a","n/a","Technology","Radio And Television Broadcasting And Communications Equipment","http://www.nasdaq.com/symbol/sats",
"EDGW","Edgewater Technology, Inc.","6.48","90332528.4","n/a","n/a","Technology","Computer Software: Programming, Data Processing","http://www.nasdaq.com/symbol/edgw",
"EGAN","eGain Corporation","3.45","93945469.95","n/a","1999","Technology","Computer Software: Prepackaged Software","http://www.nasdaq.com/symbol/egan",
"EA","Electronic Arts Inc.","116.05","35827851789.95","n/a","n/a","Technology","Computer Software: Prepackaged Software","http://www.nasdaq.com/symbol/ea",
"EFII","Electronics for Imaging, Inc.","41.68","1933041000.24","n/a","1992","Technology","Computer Communications Equipment","http://www.nasdaq.com/symbol/efii",
"ELLI","Ellie Mae, Inc.","83.97","2886762225.15","n/a","2011","Technology","Computer Software: Prepackaged Software","http://www.nasdaq.com/symbol/elli",
"ELTK","Eltek Ltd.","0.65","6592795.3","n/a","1997","Technology","Electrical Products","http://www.nasdaq.com/symbol/eltk",
"EMAN","eMagin Corporation","2.2","76939676","n/a","n/a","Technology","Semiconductors","http://www.nasdaq.com/symbol/eman",
"EMKR","EMCORE Corporation","8.55","229816818","n/a","1997","Technology","Semiconductors","http://www.nasdaq.com/symbol/emkr",
"EIGI","Endurance International Group Holdings, Inc.","7.95","1137784156.8","n/a","2013","Technology","Computer Software: Prepackaged Software","http://www.nasdaq.com/symbol/eigi",
"WATT","Energous Corporation","12.56","275063258.96","n/a","2014","Technology","Radio And Television Broadcasting And Communications Equipment","http://www.nasdaq.com/symbol/watt",
"ERII","Energy Recovery, Inc.","8.03","430219463.63","n/a","2008","Technology","Industrial Machinery/Components","http://www.nasdaq.com/symbol/erii",
"ENPH","Enphase Energy, Inc.","1.4","118413428","n/a","2012","Technology","Semiconductors","http://www.nasdaq.com/symbol/enph",
"EPAM","EPAM Systems, Inc.","90.63","4760190032.31","n/a","2012","Technology","EDP Services","http://www.nasdaq.com/symbol/epam",
"PLUS","ePlus inc.","96.65","1369258720.2","n/a","1996","Technology","Retail: Computer Software & Peripheral Equipment","http://www.nasdaq.com/symbol/plus",
"ERIC","Ericsson","5.76","1878989281.92","326213417","n/a","Technology","Radio And Television Broadcasting And Communications Equipment","http://www.nasdaq.com/symbol/eric",
"EVBG","Everbridge, Inc.","26.81","753234832.14","n/a","2016","Technology","Computer Software: Prepackaged Software","http://www.nasdaq.com/symbol/evbg",
"MRAM","Everspin Technologies, Inc.","12.6","159697326.6","n/a","2016","Technology","Semiconductors","http://www.nasdaq.com/symbol/mram",
"EVTC","Evertec, Inc.","15.4","1114672097","n/a","2013","Technology","EDP Services","http://www.nasdaq.com/symbol/evtc",
"EVOL","Evolving Systems, Inc.","4.8","60113155.2","n/a","1998","Technology","EDP Services","http://www.nasdaq.com/symbol/evol",
"EXA","Exa Corporation","24.2","364653247.2","n/a","2012","Technology","Computer Software: Prepackaged Software","http://www.nasdaq.com/symbol/exa",
"EXTN","Exterran Corporation","31.98","1144676321.88","n/a","2015","Technology","Diversified Commercial Services","http://www.nasdaq.com/symbol/extn",
"EXTR","Extreme Networks, Inc.","12.26","1386388863.14","n/a","1999","Technology","Computer Communications Equipment","http://www.nasdaq.com/symbol/extr",
"FFIV","F5 Networks, Inc.","115.99","7370769322.07","n/a","1999","Technology","Computer Communications Equipment","http://www.nasdaq.com/symbol/ffiv",
"FB","Facebook, Inc.","172.74","501670917920.16","n/a","2012","Technology","Computer Software: Programming, Data Processing","http://www.nasdaq.com/symbol/fb",
"FDS","FactSet Research Systems Inc.","178.13","6987735119.57","n/a","1996","Technology","Computer Software: Programming, Data Processing","http://www.nasdaq.com/symbol/fds",
"SFUN","Fang Holdings Limited","4.19","1822890087","n/a","2010","Technology","EDP Services","http://www.nasdaq.com/symbol/sfun",
"FNSR","Finisar Corporation","21.8","2482748917","n/a","1999","Technology","Semiconductors","http://www.nasdaq.com/symbol/fnsr",
"FEYE","FireEye, Inc.","17.49","3186118389.96","n/a","2013","Technology","Computer peripheral equipment","http://www.nasdaq.com/symbol/feye",
"FSLR","First Solar, Inc.","47.2","4928501421.6","n/a","2006","Technology","Semiconductors","http://www.nasdaq.com/symbol/fslr",
"FISV","Fiserv, Inc.","126.74","26674402539.6","n/a","1986","Technology","EDP Services","http://www.nasdaq.com/symbol/fisv",
"FIT","Fitbit, Inc.","6.56","1528035481.28","n/a","2015","Technology","Computer Manufacturing","http://www.nasdaq.com/symbol/fit",
"FIVN","Five9, Inc.","25.3","1394448942.7","n/a","2014","Technology","EDP Services","http://www.nasdaq.com/symbol/fivn",
"FLEX","Flex Ltd.","17.31","9215434670.43","n/a","1994","Technology","Electrical Products","http://www.nasdaq.com/symbol/flex",
"FPAY","FlexShopper, Inc.","4.54","24026955.74","n/a","n/a","Technology","Diversified Commercial Services","http://www.nasdaq.com/symbol/fpay",
"FRSX","Foresight Autonomous Holdings Ltd.","6.7","5860490","874700","n/a","Technology","Computer Software: Prepackaged Software","http://www.nasdaq.com/symbol/frsx",
"FORM","FormFactor, Inc.","17.1","1240513429.5","n/a","2003","Technology","Semiconductors","http://www.nasdaq.com/symbol/form",
"FORTY","Formula Systems (1985) Ltd.","41.3","7720126.4","186928","n/a","Technology","EDP Services","http://www.nasdaq.com/symbol/forty",
"FTNT","Fortinet, Inc.","38.68","6801310487.04","n/a","2009","Technology","Computer peripheral equipment","http://www.nasdaq.com/symbol/ftnt",
"FSNN","Fusion Telecommunications International, Inc.","2.91","65490612.15","n/a","n/a","Technology","Computer Software: Prepackaged Software","http://www.nasdaq.com/symbol/fsnn",
"GDI","Gardner Denver Holdings, Inc.","26.86","5263331101.28","n/a","2017","Technology","Industrial Machinery/Components","http://www.nasdaq.com/symbol/gdi",
"GDS","GDS Holdings Limited","13.41","357837978.33","26684413","2016","Technology","Computer Software: Programming, Data Processing","http://www.nasdaq.com/symbol/gds",
"JOB","GEE Group Inc.","3.38","33390654.96","n/a","n/a","Technology","Diversified Commercial Services","http://www.nasdaq.com/symbol/job",
"GFN","General Finance Corporation","5.2","138380777.6","n/a","n/a","Technology","Diversified Commercial Services","http://www.nasdaq.com/symbol/gfn",
"GFNCP","General Finance Corporation","99.53","0","n/a","n/a","Technology","Diversified Commercial Services","http://www.nasdaq.com/symbol/gfncp",
"GFNSL","General Finance Corporation","25.17","0","n/a","n/a","Technology","Diversified Commercial Services","http://www.nasdaq.com/symbol/gfnsl",
"GIGM","GigaMedia Limited","3.5284","38996705.974","n/a","n/a","Technology","Computer Software: Programming, Data Processing","http://www.nasdaq.com/symbol/gigm",
"GIMO","Gigamon Inc.","37.8","1414457326.8","n/a","2013","Technology","EDP Services","http://www.nasdaq.com/symbol/gimo",
"GILT","Gilat Satellite Networks Ltd.","6.41","350311416.47","n/a","n/a","Technology","Radio And Television Broadcasting And Communications Equipment","http://www.nasdaq.com/symbol/gilt",
"GSB","GlobalSCAPE, Inc.","4.12","88875943.72","n/a","n/a","Technology","Computer Software: Prepackaged Software","http://www.nasdaq.com/symbol/gsb",
"GLOB","Globant S.A.","41.9","1462310000","n/a","2014","Technology","EDP Services","http://www.nasdaq.com/symbol/glob",
"GLUU","Glu Mobile Inc.","3.8","514577000","n/a","2007","Technology","EDP Services","http://www.nasdaq.com/symbol/gluu",
"GDDY","GoDaddy Inc.","43.92","7252485707.52","n/a","2015","Technology","EDP Services","http://www.nasdaq.com/symbol/gddy",
"GHM","Graham Corporation","22.08","215692586.88","n/a","n/a","Technology","Industrial Machinery/Components","http://www.nasdaq.com/symbol/ghm",
"GEC","Great Elm Capital Group, Inc. ","3.7","85840566.1","n/a","n/a","Technology","Computer Software: Prepackaged Software","http://www.nasdaq.com/symbol/gec",
"GSUM","Gridsum Holding Inc.","9.32","121844554","13073450","2016","Technology","Computer Software: Prepackaged Software","http://www.nasdaq.com/symbol/gsum",
"GRPN","Groupon, Inc.","4.83","2685527150.46","n/a","2011","Technology","Advertising","http://www.nasdaq.com/symbol/grpn",
"GVP","GSE Systems, Inc.","3.45","66387197.7","n/a","n/a","Technology","Computer Software: Prepackaged Software","http://www.nasdaq.com/symbol/gvp",
"GSIT","GSI Technology, Inc.","7.54","158421266.12","n/a","2007","Technology","Semiconductors","http://www.nasdaq.com/symbol/gsit",
"GWRE","Guidewire Software, Inc.","79.38","5954273716.86","n/a","2012","Technology","Computer Software: Prepackaged Software","http://www.nasdaq.com/symbol/gwre",
"HQCL","Hanwha Q CELLS Co., Ltd. ","8.07","44397306.75","5501525","n/a","Technology","Semiconductors","http://www.nasdaq.com/symbol/hqcl",
"HLIT","Harmonic Inc.","3.25","264134949","n/a","1995","Technology","Radio And Television Broadcasting And Communications Equipment","http://www.nasdaq.com/symbol/hlit",
"HHS","Harte-Hanks, Inc.","1.05","65117580.15","n/a","1993","Technology","Advertising","http://www.nasdaq.com/symbol/hhs",
"HSTM","HealthStream, Inc.","24.5","781225914","n/a","2000","Technology","Computer Software: Programming, Data Processing","http://www.nasdaq.com/symbol/hstm",
"HSII","Heidrick & Struggles International, Inc.","21.05","395421829.25","n/a","1999","Technology","Diversified Commercial Services","http://www.nasdaq.com/symbol/hsii",
"HPE","Hewlett Packard Enterprise Company","14.94","24194794640.04","n/a","2015","Technology","Computer Manufacturing","http://www.nasdaq.com/symbol/hpe",
"HIMX","Himax Technologies, Inc.","9.55","1031656923.65","108026903","2006","Technology","Semiconductors","http://www.nasdaq.com/symbol/himx",
"HDP","Hortonworks, Inc.","16.61","1114597938.3","n/a","2014","Technology","Computer Software: Prepackaged Software","http://www.nasdaq.com/symbol/hdp",
"HPQ","HP Inc.","20.41","34089891712.11","n/a","n/a","Technology","Computer Manufacturing","http://www.nasdaq.com/symbol/hpq",
"HUBS","HubSpot, Inc.","83.8","3102745196.2","n/a","2014","Technology","Computer Software: Prepackaged Software","http://www.nasdaq.com/symbol/hubs",
"HSON","Hudson Global, Inc.","1.66","52108762.86","n/a","n/a","Technology","Professional Services","http://www.nasdaq.com/symbol/hson",
"ICHR","Ichor Holdings","30.2","758498730.4","n/a","2016","Technology","Semiconductors","http://www.nasdaq.com/symbol/ichr",
"INVE","Identiv, Inc.","4.49","63166541.28","n/a","n/a","Technology","Computer peripheral equipment","http://www.nasdaq.com/symbol/inve",
"IEC","IEC Electronics Corp.","4.78","49331602.82","n/a","n/a","Technology","Electrical Products","http://www.nasdaq.com/symbol/iec",
"INFO","IHS Markit Ltd.","43.97","18648238716.75","n/a","1996","Technology","Computer Software: Programming, Data Processing","http://www.nasdaq.com/symbol/info",
"ITW","Illinois Tool Works Inc.","151.44","52117988164.8","n/a","n/a","Technology","Industrial Machinery/Components","http://www.nasdaq.com/symbol/itw",
"IMMR","Immersion Corporation","8.13","237901531.53","n/a","1999","Technology","Computer peripheral equipment","http://www.nasdaq.com/symbol/immr",
"IMPV","Imperva, Inc.","43.25","1462491700.25","n/a","n/a","Technology","Computer Software: Prepackaged Software","http://www.nasdaq.com/symbol/impv",
"INFY","Infosys Limited","14.58","33489778451.76","n/a","n/a","Technology","EDP Services","http://www.nasdaq.com/symbol/infy",
"INOD","Innodata Inc.","1.4","36228435.6","n/a","1993","Technology","EDP Services","http://www.nasdaq.com/symbol/inod",
"ISSC","Innovative Solutions and Support, Inc.","3.64","61090589.56","n/a","2000","Technology","EDP Services","http://www.nasdaq.com/symbol/issc",
"INOV","Inovalon Holdings, Inc.","17","2478799376","n/a","2015","Technology","EDP Services","http://www.nasdaq.com/symbol/inov",
"IPHI","Inphi Corporation","38.86","1643137276.32","n/a","2010","Technology","Semiconductors","http://www.nasdaq.com/symbol/iphi",
"INPX","Inpixon ","0.389","3986467.721","n/a","2014","Technology","EDP Services","http://www.nasdaq.com/symbol/inpx",
"NSP","Insperity, Inc.","93.1","1940803564","n/a","n/a","Technology","Professional Services","http://www.nasdaq.com/symbol/nsp",
"INSE","Inspired Entertainment, Inc.","12.45","278761065.15","n/a","2014","Technology","Computer Software: Prepackaged Software","http://www.nasdaq.com/symbol/inse",
"INST","Instructure, Inc.","33.85","995216369.15","n/a","2015","Technology","Computer Software: Prepackaged Software","http://www.nasdaq.com/symbol/inst",
"IDTI","Integrated Device Technology, Inc.","27.45","3663069230.25","n/a","1984","Technology","Semiconductors","http://www.nasdaq.com/symbol/idti",
"INTC","Intel Corporation","39.3","184670700000","n/a","n/a","Technology","Semiconductors","http://www.nasdaq.com/symbol/intc",
"IDN","Intellicheck, Inc.","2.45","36705000.85","n/a","1999","Technology","Computer Software: Prepackaged Software","http://www.nasdaq.com/symbol/idn",
"INS","Intelligent Systems Corporation","4.28","37569788.64","n/a","1992","Technology","Computer Software: Prepackaged Software","http://www.nasdaq.com/symbol/ins",
"LINK","Interlink Electronics, Inc.","6.4192","47094383.7696","n/a","n/a","Technology","Computer peripheral equipment","http://www.nasdaq.com/symbol/link",
"IMI","Intermolecular, Inc.","1.09","54020074.09","n/a","2011","Technology","Semiconductors","http://www.nasdaq.com/symbol/imi",
"INAP","Internap Corporation","5.17","430681535.24","n/a","1999","Technology","Computer Software: Programming, Data Processing","http://www.nasdaq.com/symbol/inap",
"IBM","International Business Machines Corporation","147.62","137573026643.14","n/a","n/a","Technology","Computer Manufacturing","http://www.nasdaq.com/symbol/ibm",
"IIJI","Internet Initiative Japan, Inc.","9.5","17011137","1790646","n/a","Technology","Computer Software: Programming, Data Processing","http://www.nasdaq.com/symbol/iiji",
"IPG","Interpublic Group of Companies, Inc. (The)","20.55","8081671291.8","n/a","n/a","Technology","Advertising","http://www.nasdaq.com/symbol/ipg",
"INTX","Intersections, Inc.","3.27","78274542.63","n/a","2004","Technology","EDP Services","http://www.nasdaq.com/symbol/intx",
"INXN","InterXion Holding N.V.","52.12","3703647200","n/a","2011","Technology","Computer Software: Programming, Data Processing","http://www.nasdaq.com/symbol/inxn",
"IVAC","Intevac, Inc.","8.05","175348134.85","n/a","1995","Technology","Industrial Machinery/Components","http://www.nasdaq.com/symbol/ivac",
"INTU","Intuit Inc.","143.66","36629493584.64","n/a","1993","Technology","Computer Software: Prepackaged Software","http://www.nasdaq.com/symbol/intu",
"IPAS","iPass Inc.","0.66","44009522.04","n/a","2003","Technology","EDP Services","http://www.nasdaq.com/symbol/ipas",
"IPGP","IPG Photonics Corporation","194.63","10476066407.24","n/a","2006","Technology","Semiconductors","http://www.nasdaq.com/symbol/ipgp",
"IXYS","IXYS Corporation","24.55","800585565.5","n/a","n/a","Technology","Semiconductors","http://www.nasdaq.com/symbol/ixys",
"JCOM","j2 Global, Inc.","77.71","3756206179.71","n/a","1999","Technology","Telecommunications Equipment","http://www.nasdaq.com/symbol/jcom",
"JASO","JA Solar Holdings, Co., Ltd.","7.24","291672102.48","40286202","2007","Technology","Semiconductors","http://www.nasdaq.com/symbol/jaso",
"JBL","Jabil Inc.","28.4","5090492310.8","n/a","1993","Technology","Electrical Products","http://www.nasdaq.com/symbol/jbl",
"JKHY","Jack Henry & Associates, Inc.","104.88","8099497700.16","n/a","1985","Technology","EDP Services","http://www.nasdaq.com/symbol/jkhy",
"JKS","JinkoSolar Holding Company Limited","22.6","735551306.8","n/a","2010","Technology","Semiconductors","http://www.nasdaq.com/symbol/jks",
"JMU","JMU Limited","1.36","20037490.64","14733449","2015","Technology","EDP Services","http://www.nasdaq.com/symbol/jmu",
"JBT","John Bean Technologies Corporation","99.85","3157564438.15","n/a","n/a","Technology","Industrial Machinery/Components","http://www.nasdaq.com/symbol/jbt",
"JNPR","Juniper Networks, Inc.","26.86","10215086793.48","n/a","1999","Technology","Computer Communications Equipment","http://www.nasdaq.com/symbol/jnpr",
"KAI","Kadant Inc","100.1","1101532532.1","n/a","n/a","Technology","Industrial Machinery/Components","http://www.nasdaq.com/symbol/kai",
"KELYA","Kelly Services, Inc.","26.22","1004456395.14","n/a","n/a","Technology","Professional Services","http://www.nasdaq.com/symbol/kelya",
"KELYB","Kelly Services, Inc.","23","881102101","n/a","n/a","Technology","Professional Services","http://www.nasdaq.com/symbol/kelyb",
"KTEC","Key Technology, Inc.","17.65","114494279.2","n/a","1993","Technology","Industrial Machinery/Components","http://www.nasdaq.com/symbol/ktec",
"KTCC","Key Tronic Corporation","6.91","74349388.8","n/a","1983","Technology","Computer peripheral equipment","http://www.nasdaq.com/symbol/ktcc",
"KFRC","Kforce, Inc.","19.45","519850653","n/a","1995","Technology","Professional Services","http://www.nasdaq.com/symbol/kfrc",
"KE","Kimball Electronics, Inc.","21.8","586224759.2","n/a","n/a","Technology","Electrical Products","http://www.nasdaq.com/symbol/ke",
"KONE","Kingtone Wirelessinfo Solution Holding Ltd","3.25","2321718.75","714375","2010","Technology","EDP Services","http://www.nasdaq.com/symbol/kone",
"KOPN","Kopin Corporation","4.13","310396605.19","n/a","1992","Technology","Semiconductors","http://www.nasdaq.com/symbol/kopn",
"KFY","Korn/Ferry International","39.73","2244446587.97","n/a","1999","Technology","Diversified Commercial Services","http://www.nasdaq.com/symbol/kfy",
"KLIC","Kulicke and Soffa Industries, Inc.","21.9","1557042915","n/a","n/a","Technology","Semiconductors","http://www.nasdaq.com/symbol/klic",
"KVHI","KVH Industries, Inc.","12.1","206767292.6","n/a","1996","Technology","Radio And Television Broadcasting And Communications Equipment","http://www.nasdaq.com/symbol/kvhi",
"KYO","Kyocera Corporation","65.06","23923275382.9","n/a","n/a","Technology","Semiconductors","http://www.nasdaq.com/symbol/kyo",
"LLL","L3 Technologies, Inc.","187.66","14678401514.92","n/a","n/a","Technology","Radio And Television Broadcasting And Communications Equipment","http://www.nasdaq.com/symbol/lll",
"LRCX","Lam Research Corporation","186.18","30253598928.54","n/a","1984","Technology","Industrial Machinery/Components","http://www.nasdaq.com/symbol/lrcx",
"LTRX","Lantronix, Inc.","2.2","39247333.4","n/a","2000","Technology","Computer Communications Equipment","http://www.nasdaq.com/symbol/ltrx",
"LSCC","Lattice Semiconductor Corporation","5.54","681262924.38","n/a","n/a","Technology","Semiconductors","http://www.nasdaq.com/symbol/lscc",
"LFGR","Leaf Group Ltd.","7.45","154171417.5","n/a","n/a","Technology","EDP Services","http://www.nasdaq.com/symbol/lfgr",
"LDOS","Leidos Holdings, Inc.","62.14","9396133163.3","n/a","n/a","Technology","EDP Services","http://www.nasdaq.com/symbol/ldos",
"LTRPA","Liberty TripAdvisor Holdings, Inc.","12.2","915681784.8","n/a","n/a","Technology","EDP Services","http://www.nasdaq.com/symbol/ltrpa",
"LTRPB","Liberty TripAdvisor Holdings, Inc.","13.9","1043276787.6","n/a","n/a","Technology","EDP Services","http://www.nasdaq.com/symbol/ltrpb",
"LPTH","LightPath Technologies, Inc.","2.81","68135393.51","n/a","1996","Technology","Semiconductors","http://www.nasdaq.com/symbol/lpth",
"LECO","Lincoln Electric Holdings, Inc.","93.97","6193295449.32","n/a","n/a","Technology","Industrial Machinery/Components","http://www.nasdaq.com/symbol/leco",
"LN","LINE Corporation","36.65","8079210661.5","n/a","2016","Technology","Computer Software: Programming, Data Processing","http://www.nasdaq.com/symbol/ln",
"LIQT","LiqTech International, Inc.","0.36","15922535.04","n/a","n/a","Technology","Industrial Machinery/Components","http://www.nasdaq.com/symbol/liqt",
"LPSN","LivePerson, Inc.","14.85","874671444.9","n/a","2000","Technology","Computer Software: Prepackaged Software","http://www.nasdaq.com/symbol/lpsn",
"LOGI","Logitech International S.A.","36.07","5912231716.15","n/a","1997","Technology","Computer peripheral equipment","http://www.nasdaq.com/symbol/logi",
"LOGM","LogMein, Inc.","116.25","6124236465","n/a","2009","Technology","Computer Software: Prepackaged Software","http://www.nasdaq.com/symbol/logm",
"LORL","Loral Space and Communications, Inc.","50.8","1571383750.8","n/a","n/a","Technology","Radio And Television Broadcasting And Communications Equipment","http://www.nasdaq.com/symbol/lorl",
"LXFT","Luxoft Holding, Inc.","47.05","1585131390.95","n/a","2013","Technology","EDP Services","http://www.nasdaq.com/symbol/lxft",
"MTSI","MACOM Technology Solutions Holdings, Inc.","43.62","2801882761.62","n/a","2012","Technology","Semiconductors","http://www.nasdaq.com/symbol/mtsi",
"MGIC","Magic Software Enterprises Ltd.","9.4","418170618.4","n/a","1991","Technology","Computer Software: Prepackaged Software","http://www.nasdaq.com/symbol/mgic",
"MX","MagnaChip Semiconductor Corporation","11.4","388021549.2","n/a","2011","Technology","Semiconductors","http://www.nasdaq.com/symbol/mx",
"MNGA","MagneGas Corporation","0.504","6239893.968","n/a","n/a","Technology","Industrial Machinery/Components","http://www.nasdaq.com/symbol/mnga",
"MJCO","Majesco","5.35","195422478.1","n/a","2015","Technology","Computer Software: Prepackaged Software","http://www.nasdaq.com/symbol/mjco",
"MAMS","MAM Software Group, Inc.","7.74","95374865.16","n/a","n/a","Technology","Computer Software: Prepackaged Software","http://www.nasdaq.com/symbol/mams",
"MANH","Manhattan Associates, Inc.","45","3101700645","n/a","1998","Technology","Computer Software: Prepackaged Software","http://www.nasdaq.com/symbol/manh",
"MNTX","Manitex International, Inc.","8.74","144705374.46","n/a","n/a","Technology","Industrial Machinery/Components","http://www.nasdaq.com/symbol/mntx",
"MAN","ManpowerGroup","120.71","8055510631.1","n/a","n/a","Technology","Professional Services","http://www.nasdaq.com/symbol/man",
"MRIN","Marin Software Incorporated","14","11299386","n/a","2013","Technology","EDP Services","http://www.nasdaq.com/symbol/mrin",
"MRVL","Marvell Technology Group Ltd.","18.51","9177258000","n/a","2000","Technology","Semiconductors","http://www.nasdaq.com/symbol/mrvl",
"MTCH","Match Group, Inc.","26.05","6830652349.1","n/a","2015","Technology","Computer Software: Programming, Data Processing","http://www.nasdaq.com/symbol/mtch",
"MTLS","Materialise NV","15.32","204956628.4","13378370","2014","Technology","Computer Software: Prepackaged Software","http://www.nasdaq.com/symbol/mtls",
"MATR","Mattersight Corporation","2.65","86784402.15","n/a","n/a","Technology","EDP Services","http://www.nasdaq.com/symbol/matr",
"MXIM","Maxim Integrated Products, Inc.","49.16","13851178741.04","n/a","1988","Technology","Semiconductors","http://www.nasdaq.com/symbol/mxim",
"MXL","MaxLinear, Inc","23.65","1573737645.7","n/a","2010","Technology","Semiconductors","http://www.nasdaq.com/symbol/mxl",
"MGRC","McGrath RentCorp","46.22","1108993482.22","n/a","1984","Technology","Diversified Commercial Services","http://www.nasdaq.com/symbol/mgrc",
"MDCA","MDC Partners Inc.","11.25","561769818.75","n/a","n/a","Technology","Advertising","http://www.nasdaq.com/symbol/mdca",
"MTBC","Medical Transcription Billing, Corp.","3.29","37924675.53","n/a","2014","Technology","Computer Software: Prepackaged Software","http://www.nasdaq.com/symbol/mtbc",
"MTBCP","Medical Transcription Billing, Corp.","25.4","17127194.6","n/a","n/a","Technology","Computer Software: Prepackaged Software","http://www.nasdaq.com/symbol/mtbcp",
"MDSO","Medidata Solutions, Inc.","79.45","4648168700.7","n/a","2009","Technology","Computer Software: Prepackaged Software","http://www.nasdaq.com/symbol/mdso",
"MLNX","Mellanox Technologies, Ltd.","45.15","2270475793.95","n/a","2007","Technology","Semiconductors","http://www.nasdaq.com/symbol/mlnx",
"MFGP","Micro Focus Intl PLC","31.79","13831136391.27","n/a","2017","Technology","Computer Software: Prepackaged Software","http://www.nasdaq.com/symbol/mfgp",
"MCHP","Microchip Technology Incorporated","91.93","21394726316.57","n/a","1993","Technology","Semiconductors","http://www.nasdaq.com/symbol/mchp",
"MU","Micron Technology, Inc.","41.61","46356279352.74","n/a","n/a","Technology","Semiconductors","http://www.nasdaq.com/symbol/mu",
"MSCC","Microsemi Corporation","52.25","6044501226.5","n/a","n/a","Technology","Semiconductors","http://www.nasdaq.com/symbol/mscc",
"MSFT","Microsoft Corporation","76.42","588605484875.18","n/a","1986","Technology","Computer Software: Prepackaged Software","http://www.nasdaq.com/symbol/msft",
"MSTR","MicroStrategy Incorporated","132.13","1512491317.22","n/a","1998","Technology","Computer Software: Prepackaged Software","http://www.nasdaq.com/symbol/mstr",
"MCRN","Milacron Holdings Corp.","18.5","1280977832.5","n/a","2015","Technology","Industrial Machinery/Components","http://www.nasdaq.com/symbol/mcrn",
"MIME","Mimecast Limited","29.97","1702229076.99","n/a","2015","Technology","Computer Software: Prepackaged Software","http://www.nasdaq.com/symbol/mime",
"MNDO","MIND C.T.I. Ltd.","2.65","51122257.7","n/a","n/a","Technology","EDP Services","http://www.nasdaq.com/symbol/mndo",
"MB","MINDBODY, Inc.","27.75","1286387852.25","n/a","2015","Technology","EDP Services","http://www.nasdaq.com/symbol/mb",
"MIND","Mitcham Industries, Inc.","3.75","45335021.25","n/a","1994","Technology","Diversified Commercial Services","http://www.nasdaq.com/symbol/mind",
"MINDP","Mitcham Industries, Inc.","23.1699","0","n/a","n/a","Technology","Diversified Commercial Services","http://www.nasdaq.com/symbol/mindp",
"MITK","Mitek Systems, Inc.","9.5","319066943","n/a","n/a","Technology","Computer peripheral equipment","http://www.nasdaq.com/symbol/mitk",
"MITL","Mitel Networks Corporation","8.73","1041837658.74","n/a","n/a","Technology","Radio And Television Broadcasting And Communications Equipment","http://www.nasdaq.com/symbol/mitl",
"MIXT","MiX Telematics Limited","9.92","221612363.52","n/a","2013","Technology","Computer Software: Prepackaged Software","http://www.nasdaq.com/symbol/mixt",
"MOBL","MobileIron, Inc.","3.95","371835833.3","n/a","2014","Technology","Computer Software: Prepackaged Software","http://www.nasdaq.com/symbol/mobl",
"MODN","Model N, Inc.","14.55","423303179.1","n/a","2013","Technology","Computer Software: Programming, Data Processing","http://www.nasdaq.com/symbol/modn",
"MOMO","Momo Inc.","32.78","4547491121.36","138727612","2014","Technology","Computer Software: Prepackaged Software","http://www.nasdaq.com/symbol/momo",
"MPWR","Monolithic Power Systems, Inc.","112.52","4656542307.6","n/a","2004","Technology","Semiconductors","http://www.nasdaq.com/symbol/mpwr",
"TYPE","Monotype Imaging Holdings Inc.","21.7","905262762.6","n/a","2007","Technology","EDP Services","http://www.nasdaq.com/symbol/type",
"MSDI","Monster Digital, Inc.","0.6401","5980583.6002","n/a","2016","Technology","Electronic Components","http://www.nasdaq.com/symbol/msdi",
"MSDIW","Monster Digital, Inc.","0.12","0","n/a","2016","Technology","Electronic Components","http://www.nasdaq.com/symbol/msdiw",
"MOSY","MoSys, Inc.","0.8796","7038356.892","n/a","2001","Technology","Semiconductors","http://www.nasdaq.com/symbol/mosy",
"MSI","Motorola Solutions, Inc.","89.26","14518456051.52","n/a","n/a","Technology","Radio And Television Broadcasting And Communications Equipment","http://www.nasdaq.com/symbol/msi",
"MOXC","Moxian, Inc.","2.6","174218717.4","n/a","n/a","Technology","Computer Software: Programming, Data Processing","http://www.nasdaq.com/symbol/moxc",
"MULE","MuleSoft, Inc.","22.72","2929565943.36","n/a","2017","Technology","Computer Software: Prepackaged Software","http://www.nasdaq.com/symbol/mule",
"MYSZ","My Size, Inc.","0.7505","13273130.6085","n/a","n/a","Technology","Computer Software: Prepackaged Software","http://www.nasdaq.com/symbol/mysz",
"NNDM","Nano Dimension Ltd.","5.45","13090687.45","2401961","n/a","Technology","Electrical Products","http://www.nasdaq.com/symbol/nndm",
"NH","NantHealth, Inc.","4.15","506149379.9","n/a","2016","Technology","EDP Services","http://www.nasdaq.com/symbol/nh",
"NATI","National Instruments Corporation","44.77","5842181996.64","n/a","1995","Technology","Computer Software: Prepackaged Software","http://www.nasdaq.com/symbol/nati",
"NPTN","NeoPhotonics Corporation","4.81","209902671.29","n/a","2011","Technology","Semiconductors","http://www.nasdaq.com/symbol/nptn",
"NETE","Net Element, Inc.","4.47","858141.66","n/a","n/a","Technology","EDP Services","http://www.nasdaq.com/symbol/nete",
"NTAP","NetApp, Inc.","43.51","11737152392.82","n/a","1995","Technology","Electronic Components","http://www.nasdaq.com/symbol/ntap",
"NLST","Netlist, Inc.","0.681","42167278.926","n/a","2006","Technology","Semiconductors","http://www.nasdaq.com/symbol/nlst",
"NTCT","NetScout Systems, Inc.","32.75","2932382305.25","n/a","1999","Technology","EDP Services","http://www.nasdaq.com/symbol/ntct",
"NTWK","NetSol Technologies Inc.","3.5497","39453492.0703","n/a","n/a","Technology","Computer Software: Prepackaged Software","http://www.nasdaq.com/symbol/ntwk",
"NEWR","New Relic, Inc.","50.79","2768870179.5","n/a","2014","Technology","Computer Software: Prepackaged Software","http://www.nasdaq.com/symbol/newr",
"NICE","NICE Ltd","81.03","3264953782.44","40293148","n/a","Technology","Computer Manufacturing","http://www.nasdaq.com/symbol/nice",
"NOK","Nokia Corporation","5.88","34317255910.56","n/a","1994","Technology","Radio And Television Broadcasting And Communications Equipment","http://www.nasdaq.com/symbol/nok",
"NQ","NQ Mobile Inc.","3.51","342990008.01","n/a","2011","Technology","Computer Software: Prepackaged Software","http://www.nasdaq.com/symbol/nq",
"DCM","NTT DOCOMO, Inc","23.17","85835246799.61","n/a","n/a","Technology","Radio And Television Broadcasting And Communications Equipment","http://www.nasdaq.com/symbol/dcm",
"NUAN","Nuance Communications, Inc.","15.8","4559869208.6","n/a","n/a","Technology","Computer Software: Prepackaged Software","http://www.nasdaq.com/symbol/nuan",
"NTNX","Nutanix, Inc.","26.66","4130797602.36","n/a","2016","Technology","Computer Software: Prepackaged Software","http://www.nasdaq.com/symbol/ntnx",
"NVEC","NVE Corporation","81.6","395026416","n/a","n/a","Technology","Semiconductors","http://www.nasdaq.com/symbol/nvec",
"NVDA","NVIDIA Corporation","190.94","114564000000","n/a","1999","Technology","Semiconductors","http://www.nasdaq.com/symbol/nvda",
"NXPI","NXP Semiconductors N.V.","115.46","39039243409.3","n/a","2010","Technology","Semiconductors","http://www.nasdaq.com/symbol/nxpi",
"OIIM","O2Micro International Limited","1.88","62742164.96","33373492","n/a","Technology","Semiconductors","http://www.nasdaq.com/symbol/oiim",
"OCLR","Oclaro, Inc.","8.56","1444726771.52","n/a","n/a","Technology","Semiconductors","http://www.nasdaq.com/symbol/oclr",
"OKTA","Okta, Inc.","28.57","2730798081.84","n/a","2017","Technology","Computer Software: Prepackaged Software","http://www.nasdaq.com/symbol/okta",
"OMCL","Omnicell, Inc.","51.55","1930739523.75","n/a","2001","Technology","Computer Manufacturing","http://www.nasdaq.com/symbol/omcl",
"OMC","Omnicom Group Inc.","74.35","17156575141.75","n/a","n/a","Technology","Advertising","http://www.nasdaq.com/symbol/omc",
"ASGN","On Assignment, Inc.","54.9","2898990931.5","n/a","1992","Technology","Professional Services","http://www.nasdaq.com/symbol/asgn",
"ON","ON Semiconductor Corporation","19.42","8186771559.44","n/a","n/a","Technology","Semiconductors","http://www.nasdaq.com/symbol/on",
"OTIV","On Track Innovations Ltd","1.47","60445485.66","n/a","n/a","Technology","Semiconductors","http://www.nasdaq.com/symbol/otiv",
"OOMA","Ooma, Inc.","10.5","193962258","n/a","2015","Technology","EDP Services","http://www.nasdaq.com/symbol/ooma",
"OTEX","Open Text Corporation","33.65","8926799937.3","n/a","1996","Technology","EDP Services","http://www.nasdaq.com/symbol/otex",
"ORCL","Oracle Corporation","48.28","201495918032.92","n/a","1986","Technology","Computer Software: Prepackaged Software","http://www.nasdaq.com/symbol/orcl",
"OSIS","OSI Systems, Inc.","95.32","1789809056.04","n/a","1997","Technology","Semiconductors","http://www.nasdaq.com/symbol/osis",
"PFIN","P & F Industries, Inc.","7.378","26705349.776","n/a","n/a","Technology","Industrial Machinery/Components","http://www.nasdaq.com/symbol/pfin",
"PANW","Palo Alto Networks, Inc.","149","13684512236","n/a","2012","Technology","Computer peripheral equipment","http://www.nasdaq.com/symbol/panw",
"TEUM","Pareteum Corporation","1.2001","17408076.9522","n/a","n/a","Technology","EDP Services","http://www.nasdaq.com/symbol/teum",
"PCYG","Park City Group, Inc.","12.35","239884189.35","n/a","n/a","Technology","EDP Services","http://www.nasdaq.com/symbol/pcyg",
"PKE","Park Electrochemical Corporation","18.7","378440240.2","n/a","n/a","Technology","Electrical Products","http://www.nasdaq.com/symbol/pke",
"PRKR","ParkerVision, Inc.","1.5","26668854","n/a","1993","Technology","Radio And Television Broadcasting And Communications Equipment","http://www.nasdaq.com/symbol/prkr",
"PAYC","Paycom Software, Inc.","78.8","4694550188","n/a","2014","Technology","Computer Software: Prepackaged Software","http://www.nasdaq.com/symbol/payc",
"PCTY","Paylocity Holding Corporation","49.98","2586469298.28","n/a","2014","Technology","Computer Software: Prepackaged Software","http://www.nasdaq.com/symbol/pcty",
"PCTI","PC-Tel, Inc.","6.5","115629891","n/a","1999","Technology","Radio And Television Broadcasting And Communications Equipment","http://www.nasdaq.com/symbol/pcti",
"PDFS","PDF Solutions, Inc.","15.71","507953975.02","n/a","2001","Technology","EDP Services","http://www.nasdaq.com/symbol/pdfs",
"PEGA","Pegasystems Inc.","59.75","4638070746.25","n/a","1996","Technology","EDP Services","http://www.nasdaq.com/symbol/pega",
"PNR","Pentair plc.","69.95","12694468011.45","n/a","n/a","Technology","Industrial Machinery/Components","http://www.nasdaq.com/symbol/pnr",
"PRFT","Perficient, Inc.","19.95","700593047.7","n/a","1999","Technology","EDP Services","http://www.nasdaq.com/symbol/prft",
"PERI","Perion Network Ltd","1.2","93060082.8","n/a","n/a","Technology","EDP Services","http://www.nasdaq.com/symbol/peri",
"PLAB","Photronics, Inc.","9.3","641130616.8","n/a","1987","Technology","Semiconductors","http://www.nasdaq.com/symbol/plab",
"PXLW","Pixelworks, Inc.","5.26","177807309.46","n/a","2000","Technology","Semiconductors","http://www.nasdaq.com/symbol/pxlw",
"PLXS","Plexus Corp.","58.92","1979762494.44","n/a","n/a","Technology","Electrical Products","http://www.nasdaq.com/symbol/plxs",
"PNTR","Pointer Telocation Ltd.","16.35","131352531.9","n/a","n/a","Technology","Radio And Television Broadcasting And Communications Equipment","http://www.nasdaq.com/symbol/pntr",
"COOL","PolarityTE, Inc.","27.07","171460973.95","n/a","n/a","Technology","Computer Software: Prepackaged Software","http://www.nasdaq.com/symbol/cool",
"POWI","Power Integrations, Inc.","72.65","2161990696.15","n/a","1997","Technology","Semiconductors","http://www.nasdaq.com/symbol/powi",
"PSDO","Presidio, Inc.","14.81","1351845885.03","n/a","2017","Technology","Retail: Computer Software & Peripheral Equipment","http://www.nasdaq.com/symbol/psdo",
"IPDN","Professional Diversity Network, Inc.","3.77","14840224.23","n/a","2013","Technology","Computer Software: Programming, Data Processing","http://www.nasdaq.com/symbol/ipdn",
"PRGS","Progress Software Corporation","41.11","1985146977.04","n/a","1991","Technology","Computer Software: Prepackaged Software","http://www.nasdaq.com/symbol/prgs",
"PFPT","Proofpoint, Inc.","93.1","4135951859.2","n/a","2012","Technology","EDP Services","http://www.nasdaq.com/symbol/pfpt",
"PRO","PROS Holdings, Inc.","25","794723300","n/a","2007","Technology","EDP Services","http://www.nasdaq.com/symbol/pro",
"PTC","PTC Inc.","59.33","6858995110.88","n/a","n/a","Technology","Computer Software: Prepackaged Software","http://www.nasdaq.com/symbol/ptc",
"PSTG","Pure Storage, Inc. ","16.01","3385844495.04","n/a","2015","Technology","Electronic Components","http://www.nasdaq.com/symbol/pstg",
"QTWO","Q2 Holdings, Inc.","41.95","1731987972","n/a","2014","Technology","Computer Software: Prepackaged Software","http://www.nasdaq.com/symbol/qtwo",
"QADA","QAD Inc.","36.2","695641752.6","n/a","n/a","Technology","Computer Software: Prepackaged Software","http://www.nasdaq.com/symbol/qada",
"QADB","QAD Inc.","29.39","564776549.97","n/a","n/a","Technology","Computer Software: Prepackaged Software","http://www.nasdaq.com/symbol/qadb",
"QRVO","Qorvo, Inc.","72.94","9282909757.94","n/a","n/a","Technology","Semiconductors","http://www.nasdaq.com/symbol/qrvo",
"QCOM","QUALCOMM Incorporated","54.12","79884734999.52","n/a","1991","Technology","Radio And Television Broadcasting And Communications Equipment","http://www.nasdaq.com/symbol/qcom",
"QSII","Quality Systems, Inc.","15.39","975232550.43","n/a","1982","Technology","EDP Services","http://www.nasdaq.com/symbol/qsii",
"QBAK","Qualstar Corporation","7.01","14314553.19","n/a","2000","Technology","Electronic Components","http://www.nasdaq.com/symbol/qbak",
"QLYS","Qualys, Inc.","50.4","1891103104.8","n/a","2012","Technology","Computer Software: Prepackaged Software","http://www.nasdaq.com/symbol/qlys",
"QTNA","Quantenna Communications, Inc.","16.94","586634351.38","n/a","2016","Technology","Semiconductors","http://www.nasdaq.com/symbol/qtna",
"QTM","Quantum Corporation","6.03","207867124.8","n/a","n/a","Technology","Electronic Components","http://www.nasdaq.com/symbol/qtm",
"QRHC","Quest Resource Holding Corporation.","1.4086","21525272.9864","n/a","n/a","Technology","Diversified Commercial Services","http://www.nasdaq.com/symbol/qrhc",
"QUIK","QuickLogic Corporation","1.67","133786027.98","n/a","1999","Technology","Semiconductors","http://www.nasdaq.com/symbol/quik",
"QUMU","Qumu Corporation","3.07","28856326.85","n/a","n/a","Technology","Computer Software: Prepackaged Software","http://www.nasdaq.com/symbol/qumu",
"RDCM","Radcom Ltd.","21.8","254828680.2","n/a","1997","Technology","Computer peripheral equipment","http://www.nasdaq.com/symbol/rdcm",
"RSYS","RadiSys Corporation","1.37","53491944.55","n/a","1995","Technology","Computer peripheral equipment","http://www.nasdaq.com/symbol/rsys",
"RMBS","Rambus, Inc.","13.65","1491634093.95","n/a","1997","Technology","Semiconductors","http://www.nasdaq.com/symbol/rmbs",
"RPD","Rapid7, Inc.","18.06","786518436.06","n/a","2015","Technology","Computer Software: Prepackaged Software","http://www.nasdaq.com/symbol/rpd",
"RCMT","RCM Technologies, Inc.","5.83","70016545.17","n/a","n/a","Technology","Professional Services","http://www.nasdaq.com/symbol/rcmt",
"RNWK","RealNetworks, Inc.","4.89","181917618.63","n/a","1997","Technology","EDP Services","http://www.nasdaq.com/symbol/rnwk",
"RP","RealPage, Inc.","42.05","3475623575.2","n/a","2010","Technology","Computer Software: Prepackaged Software","http://www.nasdaq.com/symbol/rp",
"RHT","Red Hat, Inc.","119.37","21122185234.71","n/a","n/a","Technology","Computer Software: Programming, Data Processing","http://www.nasdaq.com/symbol/rht",
"RWC","RELM Wireless Corporation","3.7","51224960.8","n/a","n/a","Technology","Radio And Television Broadcasting And Communications Equipment","http://www.nasdaq.com/symbol/rwc",
"SOL","Renesola Ltd.","2.29","46534103.01","n/a","2008","Technology","Semiconductors","http://www.nasdaq.com/symbol/sol",
"RENN","Renren Inc.","9.2","628691117.2","n/a","2011","Technology","EDP Services","http://www.nasdaq.com/symbol/renn",
"RCII","Rent-A-Center Inc.","10.99","585788144.76","n/a","1995","Technology","Diversified Commercial Services","http://www.nasdaq.com/symbol/rcii",
"RESN","Resonant Inc.","4.49","74976269.49","n/a","2014","Technology","Semiconductors","http://www.nasdaq.com/symbol/resn",
"RXN","Rexnord Corporation","25.38","2633078124.54","n/a","2012","Technology","Industrial Machinery/Components","http://www.nasdaq.com/symbol/rxn",
"RNG","Ringcentral, Inc.","43.4","3325901929","n/a","2013","Technology","EDP Services","http://www.nasdaq.com/symbol/rng",
"RHI","Robert Half International Inc.","48.74","6150222245.86","n/a","n/a","Technology","Professional Services","http://www.nasdaq.com/symbol/rhi",
"RST","Rosetta Stone","9.87","219958033.05","n/a","2009","Technology","Computer Software: Prepackaged Software","http://www.nasdaq.com/symbol/rst",
"RBCN","Rubicon Technology, Inc.","8.3","22611822.8","n/a","2007","Technology","Semiconductors","http://www.nasdaq.com/symbol/rbcn",
"SABR","Sabre Corporation","18.19","5069158877.27","n/a","2014","Technology","Computer Software: Programming, Data Processing","http://www.nasdaq.com/symbol/sabr",
"CRM","Salesforce.com Inc","96.01","69002387000","n/a","2004","Technology","Computer Software: Prepackaged Software","http://www.nasdaq.com/symbol/crm",
"SANM","Sanmina Corporation","38.4","2894287219.2","n/a","1993","Technology","Electrical Products","http://www.nasdaq.com/symbol/sanm",
"SAP","SAP SE","112.66","135036962039.72","n/a","n/a","Technology","Computer Software: Prepackaged Software","http://www.nasdaq.com/symbol/sap",
"SPNS","Sapiens International Corporation N.V.","13.66","669831090.66","n/a","1992","Technology","Computer Software: Prepackaged Software","http://www.nasdaq.com/symbol/spns",
"SCSC","ScanSource, Inc.","44.4","1129220760","n/a","n/a","Technology","Retail: Computer Software & Peripheral Equipment","http://www.nasdaq.com/symbol/scsc",
"SAIC","SCIENCE APPLICATIONS INTERNATIONAL CORPORATION","70.04","3028567561.68","n/a","n/a","Technology","EDP Services","http://www.nasdaq.com/symbol/saic",
"SGMS","Scientific Games Corp","45.7","4086709749.7","n/a","n/a","Technology","EDP Services","http://www.nasdaq.com/symbol/sgms",
"SEAC","SeaChange International, Inc.","2.6","92264595.8","n/a","1996","Technology","Radio And Television Broadcasting And Communications Equipment","http://www.nasdaq.com/symbol/seac",
"STX","Seagate Technology PLC","33.5","9642397594","n/a","2002","Technology","Electronic Components","http://www.nasdaq.com/symbol/stx",
"SCWX","SecureWorks Corp.","12.39","1004516177.28","n/a","2016","Technology","Computer Software: Prepackaged Software","http://www.nasdaq.com/symbol/scwx",
"SMI","Semiconductor  Manufacturing International Corporation","6.21","5776385508","n/a","2004","Technology","Semiconductors","http://www.nasdaq.com/symbol/smi",
"LEDS","SemiLEDS Corporation","2.229","7899386.535","n/a","2010","Technology","Semiconductors","http://www.nasdaq.com/symbol/leds",
"SMTC","Semtech Corporation","40.15","2657877002","n/a","n/a","Technology","Semiconductors","http://www.nasdaq.com/symbol/smtc",
"SQNS","Sequans Communications S.A.","2.01","160322395.86","n/a","2011","Technology","Semiconductors","http://www.nasdaq.com/symbol/sqns",
"NOW","ServiceNow, Inc.","120.68","20600076000","n/a","2012","Technology","Computer Software: Prepackaged Software","http://www.nasdaq.com/symbol/now",
"SGOC","SGOCO Group, Ltd","1.17","11852184.24","n/a","2010","Technology","Radio And Television Broadcasting And Communications Equipment","http://www.nasdaq.com/symbol/sgoc",
"SHSP","SharpSpring, Inc.","4.24","35555537.6","n/a","n/a","Technology","Computer Software: Prepackaged Software","http://www.nasdaq.com/symbol/shsp",
"PIXY","ShiftPixy, Inc.","2.91","83057001.75","n/a","2017","Technology","Diversified Commercial Services","http://www.nasdaq.com/symbol/pixy",
"SHOP","Shopify Inc.","95.02","8187833016.5","n/a","2015","Technology","Computer Software: Prepackaged Software","http://www.nasdaq.com/symbol/shop",
"SSTI","ShotSpotter, Inc.","15.79","151662271.03","n/a","2017","Technology","Computer Software: Prepackaged Software","http://www.nasdaq.com/symbol/ssti",
"SSTK","Shutterstock, Inc.","33.86","1172529779.74","n/a","2012","Technology","EDP Services","http://www.nasdaq.com/symbol/sstk",
"SWIR","Sierra Wireless, Inc.","22.65","729724291.2","n/a","n/a","Technology","Radio And Television Broadcasting And Communications Equipment","http://www.nasdaq.com/symbol/swir",
"SIFY","Sify Technologies Limited","1.99","49943577.25","25097275","n/a","Technology","Computer Software: Programming, Data Processing","http://www.nasdaq.com/symbol/sify",
"SIGM","Sigma Designs, Inc.","6.55","252278431.05","n/a","1986","Technology","Semiconductors","http://www.nasdaq.com/symbol/sigm",
"SGMA","SigmaTron International, Inc.","8.85","37176841.05","n/a","1994","Technology","Electrical Products","http://www.nasdaq.com/symbol/sgma",
"SILC","Silicom Ltd","58.08","432436150.08","n/a","n/a","Technology","Computer Communications Equipment","http://www.nasdaq.com/symbol/silc",
"SLAB","Silicon Laboratories, Inc.","86.5","3680305898.5","n/a","2000","Technology","Semiconductors","http://www.nasdaq.com/symbol/slab",
"SIMO","Silicon Motion Technology Corporation","52.53","1873485969.51","35665067","2005","Technology","Semiconductors","http://www.nasdaq.com/symbol/simo",
"SPIL","Siliconware Precision Industries Company, Ltd.","7.94","295051718.04","37160166","n/a","Technology","Semiconductors","http://www.nasdaq.com/symbol/spil",
"SSNI","Silver Spring Networks, Inc.","16.15","871744813.05","n/a","2013","Technology","Computer Communications Equipment","http://www.nasdaq.com/symbol/ssni",
"SLP","Simulations Plus, Inc.","17.15","295757683.9","n/a","n/a","Technology","EDP Services","http://www.nasdaq.com/symbol/slp",
"SINA","Sina Corporation","113.93","8147665213.8","n/a","n/a","Technology","Computer Software: Prepackaged Software","http://www.nasdaq.com/symbol/sina",
"SWKS","Skyworks Solutions, Inc.","105.47","19379072143.92","n/a","n/a","Technology","Semiconductors","http://www.nasdaq.com/symbol/swks",
"SGH","SMART Global Holdings, Inc.","36.93","800565733.32","n/a","2017","Technology","Semiconductors","http://www.nasdaq.com/symbol/sgh",
"SMSI","Smith Micro Software, Inc.","1.765","25234236.77","n/a","1995","Technology","Computer Software: Prepackaged Software","http://www.nasdaq.com/symbol/smsi",
"SMTX","SMTC Corporation","1.43","24060031.71","n/a","2000","Technology","Electrical Products","http://www.nasdaq.com/symbol/smtx",
"SNAP","Snap Inc.","15.98","19130529245.58","n/a","2017","Technology","Computer Software: Programming, Data Processing","http://www.nasdaq.com/symbol/snap",
"SRAX","Social Reality, Inc.","3.05","24476301.85","n/a","n/a","Technology","Advertising","http://www.nasdaq.com/symbol/srax",
"SCKT","Socket Mobile, Inc.","3.9501","27575604.6489","n/a","n/a","Technology","Computer Manufacturing","http://www.nasdaq.com/symbol/sckt",
"SOHU","Sohu.com Inc.","56.87","2210368109.84","n/a","n/a","Technology","EDP Services","http://www.nasdaq.com/symbol/sohu",
"SEDG","SolarEdge Technologies, Inc.","29","1220444642","n/a","2015","Technology","Semiconductors","http://www.nasdaq.com/symbol/sedg",
"SOFO","Sonic Foundry, Inc.","3.64","16227393","n/a","n/a","Technology","Radio And Television Broadcasting And Communications Equipment","http://www.nasdaq.com/symbol/sofo",
"SONS","Sonus Networks, Inc.","7.68","398608366.08","n/a","n/a","Technology","EDP Services","http://www.nasdaq.com/symbol/sons",
"SPA","Sparton Corporation","23.35","230245827.25","n/a","n/a","Technology","Electrical Products","http://www.nasdaq.com/symbol/spa",
"ANY","Sphere 3D Corp.","2.8","18471000.8","n/a","n/a","Technology","EDP Services","http://www.nasdaq.com/symbol/any",
"SPI","SPI Energy Co., Ltd.","0.111","71224834.092","n/a","n/a","Technology","Semiconductors","http://www.nasdaq.com/symbol/spi",
"SPLK","Splunk Inc.","63.48","8886575483.76","n/a","2012","Technology","Computer Software: Prepackaged Software","http://www.nasdaq.com/symbol/splk",
"SPSC","SPS Commerce, Inc.","57.36","987842275.92","n/a","2010","Technology","Computer Software: Prepackaged Software","http://www.nasdaq.com/symbol/spsc",
"SPXC","SPX Corporation","29.18","1240818105.28","n/a","n/a","Technology","Industrial Machinery/Components","http://www.nasdaq.com/symbol/spxc",
"FLOW","SPX FLOW, Inc.","40.16","1700535080.16","n/a","2015","Technology","Industrial Machinery/Components","http://www.nasdaq.com/symbol/flow",
"SQ","Square, Inc.","32","12278347296","n/a","2015","Technology","Computer Software: Prepackaged Software","http://www.nasdaq.com/symbol/sq",
"SSNC","SS&C Technologies Holdings, Inc.","40.7","8360888342.4","n/a","2010","Technology","Computer Software: Prepackaged Software","http://www.nasdaq.com/symbol/ssnc",
"STAF","Staffing 360 Solutions, Inc.","0.78","12482979.6","n/a","1996","Technology","Professional Services","http://www.nasdaq.com/symbol/staf",
"SXI","Standex International Corporation","103.4","1321050704.6","n/a","n/a","Technology","Industrial Machinery/Components","http://www.nasdaq.com/symbol/sxi",
"SRT","StarTek, Inc.","12.05","192197078.25","n/a","1997","Technology","Professional Services","http://www.nasdaq.com/symbol/srt",
"STM","STMicroelectronics N.V.","20.02","17773960143.94","n/a","n/a","Technology","Semiconductors","http://www.nasdaq.com/symbol/stm",
"SSYS","Stratasys, Ltd.","22.92","1211413680","n/a","1994","Technology","Computer peripheral equipment","http://www.nasdaq.com/symbol/ssys",
"STRM","Streamline Health Solutions, Inc.","1.6","31981952","n/a","n/a","Technology","EDP Services","http://www.nasdaq.com/symbol/strm",
"SPWR","SunPower Corporation","6.86","956910276.84","n/a","2005","Technology","Semiconductors","http://www.nasdaq.com/symbol/spwr",
"SMCI","Super Micro Computer, Inc.","22.45","1093157670.4","n/a","2007","Technology","Computer Manufacturing","http://www.nasdaq.com/symbol/smci",
"SPCB","SuperCom, Ltd.","3.165","47279842.935","n/a","n/a","Technology","Semiconductors","http://www.nasdaq.com/symbol/spcb",
"SCON","Superconductor Technologies Inc.","1.27","13619811.47","n/a","1993","Technology","Radio And Television Broadcasting And Communications Equipment","http://www.nasdaq.com/symbol/scon",
"SPRT","support.com, Inc.","2.35","43958066","n/a","2000","Technology","EDP Services","http://www.nasdaq.com/symbol/sprt",
"SWCH","Switch, Inc.","19.08","4714167130.92","n/a","2017","Technology","Computer Software: Programming, Data Processing","http://www.nasdaq.com/symbol/swch",
"SYKE","Sykes Enterprises, Incorporated","29.78","1280814958.74","n/a","1996","Technology","EDP Services","http://www.nasdaq.com/symbol/syke",
"SYMC","Symantec Corporation","31.61","19425607155.69","n/a","1989","Technology","Computer Software: Prepackaged Software","http://www.nasdaq.com/symbol/symc",
"SYNC","Synacor, Inc.","2.75","106338127.5","n/a","2012","Technology","Computer Software: Programming, Data Processing","http://www.nasdaq.com/symbol/sync",
"SYNA","Synaptics Incorporated","37.07","1250554930.13","n/a","2002","Technology","Semiconductors","http://www.nasdaq.com/symbol/syna",
"SNCR","Synchronoss Technologies, Inc.","14.36","665908669.2","n/a","2006","Technology","EDP Services","http://www.nasdaq.com/symbol/sncr",
"SNX","Synnex Corporation","132.79","5306973330.82","n/a","2003","Technology","Retail: Computer Software & Peripheral Equipment","http://www.nasdaq.com/symbol/snx",
"SNPS","Synopsys, Inc.","82.86","12449521356.18","n/a","1992","Technology","Computer Software: Prepackaged Software","http://www.nasdaq.com/symbol/snps",
"SYNT","Syntel, Inc.","19.77","1654265524.65","n/a","1997","Technology","EDP Services","http://www.nasdaq.com/symbol/synt",
"DATA","Tableau Software, Inc.","76.94","6085568222.84","n/a","2013","Technology","Computer Software: Prepackaged Software","http://www.nasdaq.com/symbol/data",
"TSM","Taiwan Semiconductor Manufacturing Company Ltd.","40.35","209258166600","n/a","1997","Technology","Semiconductors","http://www.nasdaq.com/symbol/tsm",
"TTWO","Take-Two Interactive Software, Inc.","103.6","11036281530.4","n/a","1997","Technology","Computer Software: Prepackaged Software","http://www.nasdaq.com/symbol/ttwo",
"TLND","Talend S.A.","40.49","749741142.51","18516699","2016","Technology","Computer Software: Prepackaged Software","http://www.nasdaq.com/symbol/tlnd",
"TECD","Tech Data Corporation","94.28","3596700259.24","n/a","1986","Technology","Retail: Computer Software & Peripheral Equipment","http://www.nasdaq.com/symbol/tecd",
"TCCO","Technical Communications Corporation","5.2501","9659538.2377","n/a","n/a","Technology","Radio And Television Broadcasting And Communications Equipment","http://www.nasdaq.com/symbol/tcco",
"TLRA","Telaria, Inc.","5","252414700","n/a","2013","Technology","Advertising","http://www.nasdaq.com/symbol/tlra",
"TTEC","TeleTech Holdings, Inc.","43.35","1987269340.5","n/a","1996","Technology","Professional Services","http://www.nasdaq.com/symbol/ttec",
"TNC","Tennant Company","67.95","1211153846.4","n/a","n/a","Technology","Industrial Machinery/Components","http://www.nasdaq.com/symbol/tnc",
"TDC","Teradata Corporation","32.69","4118940000","n/a","n/a","Technology","Computer Manufacturing","http://www.nasdaq.com/symbol/tdc",
"TXN","Texas Instruments Incorporated","92.87","91944887475.23","n/a","n/a","Technology","Semiconductors","http://www.nasdaq.com/symbol/txn",
"TGH","Textainer Group Holdings Limited","18.25","1036849660","n/a","2007","Technology","Diversified Commercial Services","http://www.nasdaq.com/symbol/tgh",
"DSGX","The Descartes Systems Group Inc.","28.85","2213573863.45","n/a","n/a","Technology","Computer Software: Prepackaged Software","http://www.nasdaq.com/symbol/dsgx",
"KEYW","The KEYW Holding Corporation","7.76","386376157.92","n/a","2010","Technology","EDP Services","http://www.nasdaq.com/symbol/keyw",
"MIDD","The Middleby Corporation","123.55","7117810757.05","n/a","n/a","Technology","Industrial Machinery/Components","http://www.nasdaq.com/symbol/midd",
"RUBI","The Rubicon Project, Inc.","3.72","185337587.04","n/a","2014","Technology","Computer Software: Programming, Data Processing","http://www.nasdaq.com/symbol/rubi",
"TSG","The Stars Group Inc.","20.45","3015369678","n/a","n/a","Technology","Computer Software: Programming, Data Processing","http://www.nasdaq.com/symbol/tsg",
"TTD","The Trade Desk, Inc.","64.86","2645071356.12","n/a","2016","Technology","Computer Software: Programming, Data Processing","http://www.nasdaq.com/symbol/ttd",
"ULTI","The Ultimate Software Group, Inc.","195.66","5836025757.78","n/a","1998","Technology","Computer Software: Prepackaged Software","http://www.nasdaq.com/symbol/ulti",
"TNTR","Tintri, Inc.","3.02","94598772.94","n/a","2017","Technology","EDP Services","http://www.nasdaq.com/symbol/tntr",
"TISA","Top Image Systems, Ltd.","1.421","25481698.83","n/a","1996","Technology","Computer peripheral equipment","http://www.nasdaq.com/symbol/tisa",
"TSEM","Tower Semiconductor Ltd.","31.23","3065774429.07","n/a","1994","Technology","Semiconductors","http://www.nasdaq.com/symbol/tsem",
"TACT","TransAct Technologies Incorporated","9.95","73271073.65","n/a","1996","Technology","Computer peripheral equipment","http://www.nasdaq.com/symbol/tact",
"TZOO","Travelzoo","8","101696000","n/a","n/a","Technology","EDP Services","http://www.nasdaq.com/symbol/tzoo",
"TRT","Trio-Tech International","5.07","17861888.85","n/a","n/a","Technology","Industrial Machinery/Components","http://www.nasdaq.com/symbol/trt",
"TRIP","TripAdvisor, Inc.","40.33","5595894495.49","n/a","n/a","Technology","Computer Software: Programming, Data Processing","http://www.nasdaq.com/symbol/trip",
"TRTN","Triton International Limited","35.92","1199558852.72","n/a","2016","Technology","Diversified Commercial Services","http://www.nasdaq.com/symbol/trtn",
"TRVG","trivago N.V.","10.6","320618825.4","30247059","2016","Technology","EDP Services","http://www.nasdaq.com/symbol/trvg",
"TBI","TrueBlue, Inc.","23.65","993342546.35","n/a","n/a","Technology","Professional Services","http://www.nasdaq.com/symbol/tbi",
"TRUE","TrueCar, Inc.","15.27","1504050075.66","n/a","2014","Technology","Computer Software: Programming, Data Processing","http://www.nasdaq.com/symbol/true",
"TSRI","TSR, Inc.","4.8","9417897.6","n/a","n/a","Technology","EDP Services","http://www.nasdaq.com/symbol/tsri",
"TTMI","TTM Technologies, Inc.","15.49","1577105086.98","n/a","2000","Technology","Electrical Products","http://www.nasdaq.com/symbol/ttmi",
"TCX","Tucows Inc.","56.8","600727648.8","n/a","n/a","Technology","EDP Services","http://www.nasdaq.com/symbol/tcx",
"TWLO","Twilio Inc.","32.67","3003038749.26","n/a","2016","Technology","Computer Software: Prepackaged Software","http://www.nasdaq.com/symbol/twlo",
"TWIN","Twin Disc, Incorporated","19.46","225201297.58","n/a","n/a","Technology","Industrial Machinery/Components","http://www.nasdaq.com/symbol/twin",
"TWTR","Twitter, Inc.","17.73","13082846879.25","n/a","2013","Technology","Computer Software: Programming, Data Processing","http://www.nasdaq.com/symbol/twtr",
"TYL","Tyler Technologies, Inc.","177.53","6622425379.02","n/a","n/a","Technology","Computer Software: Prepackaged Software","http://www.nasdaq.com/symbol/tyl",
"UBNT","Ubiquiti Networks, Inc.","56.1","4507813959","n/a","2011","Technology","Radio And Television Broadcasting And Communications Equipment","http://www.nasdaq.com/symbol/ubnt",
"UCTT","Ultra Clean Holdings, Inc.","31.77","1066207554","n/a","2004","Technology","Semiconductors","http://www.nasdaq.com/symbol/uctt",
"UIS","Unisys Corporation","8.9","449181905.3","n/a","n/a","Technology","EDP Services","http://www.nasdaq.com/symbol/uis",
"UMC","United Microelectronics Corporation","2.58","6513984000","n/a","n/a","Technology","Semiconductors","http://www.nasdaq.com/symbol/umc",
"URI","United Rentals, Inc.","142.16","12018216351.2","n/a","1997","Technology","Diversified Commercial Services","http://www.nasdaq.com/symbol/uri",
"UPLD","Upland Software, Inc.","21.94","451950726.3","n/a","2014","Technology","Computer Software: Prepackaged Software","http://www.nasdaq.com/symbol/upld",
"VRNS","Varonis Systems, Inc.","43.9","1207442194.2","n/a","2014","Technology","Computer Software: Prepackaged Software","http://www.nasdaq.com/symbol/vrns",
"VDSI","VASCO Data Security International, Inc.","12.5","502082275","n/a","n/a","Technology","EDP Services","http://www.nasdaq.com/symbol/vdsi",
"VECO","Veeco Instruments Inc.","21.05","1019253987.85","n/a","1994","Technology","Industrial Machinery/Components","http://www.nasdaq.com/symbol/veco",
"VEEV","Veeva Systems Inc.","57.42","8074204310.7","n/a","2013","Technology","Computer Software: Prepackaged Software","http://www.nasdaq.com/symbol/veev",
"VRNT","Verint Systems Inc.","42.625","2716693335.125","n/a","2002","Technology","EDP Services","http://www.nasdaq.com/symbol/vrnt",
"VRSN","VeriSign, Inc.","108.29","10820411086.94","n/a","1998","Technology","EDP Services","http://www.nasdaq.com/symbol/vrsn",
"VRSK","Verisk Analytics, Inc.","83.36","13717372988.48","n/a","2009","Technology","EDP Services","http://www.nasdaq.com/symbol/vrsk",
"VERI","Veritone, Inc.","41","613247988","n/a","2017","Technology","EDP Services","http://www.nasdaq.com/symbol/veri",
"VSAT","ViaSat, Inc.","65.18","3781203192.62","n/a","1996","Technology","Radio And Television Broadcasting And Communications Equipment","http://www.nasdaq.com/symbol/vsat",
"VIAV","Viavi Solutions Inc.","9.43","2153382369.2","n/a","n/a","Technology","Semiconductors","http://www.nasdaq.com/symbol/viav",
"VRTU","Virtusa Corporation","38.07","1114300714.95","n/a","2007","Technology","EDP Services","http://www.nasdaq.com/symbol/vrtu",
"VMW","Vmware, Inc.","112.03","45814363554.34","n/a","2007","Technology","Computer Software: Prepackaged Software","http://www.nasdaq.com/symbol/vmw",
"VISI","Volt Information Sciences, Inc.","2.805","58932912.555","n/a","n/a","Technology","Professional Services","http://www.nasdaq.com/symbol/visi",
"VUZI","Vuzix Corporation","5.6","124178555.2","n/a","n/a","Technology","Radio And Television Broadcasting And Communications Equipment","http://www.nasdaq.com/symbol/vuzi",
"WSTG","Wayside Technology Group, Inc.","13.9","62602653.2","n/a","n/a","Technology","Retail: Computer Software & Peripheral Equipment","http://www.nasdaq.com/symbol/wstg",
"WEB","Web.com Group, Inc.","25.1","1219003738.6","n/a","n/a","Technology","Computer Software: Prepackaged Software","http://www.nasdaq.com/symbol/web",
"WB","Weibo Corporation","99.7","5677920383.8","56950054","2014","Technology","Computer Software: Programming, Data Processing","http://www.nasdaq.com/symbol/wb",
"WBT","Welbilt, Inc.","22.14","3079686686.22","n/a","2016","Technology","Industrial Machinery/Components","http://www.nasdaq.com/symbol/wbt",
"WDC","Western Digital Corporation","85.62","25273150120.68","n/a","n/a","Technology","Electronic Components","http://www.nasdaq.com/symbol/wdc",
"WYY","WidePoint Corporation","0.6211","51518286.6717","n/a","n/a","Technology","EDP Services","http://www.nasdaq.com/symbol/wyy",
"WIT","Wipro Limited","5.5","26613902832","n/a","n/a","Technology","EDP Services","http://www.nasdaq.com/symbol/wit",
"WIX","Wix.com Ltd.","69.45","3114092301.9","n/a","2013","Technology","Computer Software: Programming, Data Processing","http://www.nasdaq.com/symbol/wix",
"WDAY","Workday, Inc.","108.51","22570080000","n/a","n/a","Technology","EDP Services","http://www.nasdaq.com/symbol/wday",
"WK","Workiva Inc.","22.35","934818967.2","n/a","2014","Technology","Computer Software: Prepackaged Software","http://www.nasdaq.com/symbol/wk",
"WPPGY","WPP plc","90.57","1227991443.03","13558479","n/a","Technology","Advertising","http://www.nasdaq.com/symbol/wppgy",
"WSCI","WSI Industries Inc.","3.1944","9454705.26","n/a","n/a","Technology","Industrial Machinery/Components","http://www.nasdaq.com/symbol/wsci",
"XRX","Xerox Corporation","32.74","8321518760.9","n/a","n/a","Technology","Computer peripheral equipment","http://www.nasdaq.com/symbol/xrx",
"XLNX","Xilinx, Inc.","72.76","18088246231.4","n/a","1990","Technology","Semiconductors","http://www.nasdaq.com/symbol/xlnx",
"XPER","Xperi Corporation","22.675","1122845320.4","n/a","n/a","Technology","Semiconductors","http://www.nasdaq.com/symbol/xper",
"XPLR","Xplore Technologies Corp","3.51","38628216.9","n/a","n/a","Technology","Computer Manufacturing","http://www.nasdaq.com/symbol/xplr",
"XNET","Xunlei Limited","4.33","120108280.89","27738633","2014","Technology","Computer Software: Prepackaged Software","http://www.nasdaq.com/symbol/xnet",
"YNDX","Yandex N.V.","31.83","10345421835.81","n/a","2011","Technology","Computer Software: Programming, Data Processing","http://www.nasdaq.com/symbol/yndx",
"YEXT","Yext, Inc.","12.13","1094566707.16","n/a","2017","Technology","EDP Services","http://www.nasdaq.com/symbol/yext",
"YGE","Yingli Green Energy Holding Company Limited","2.33","42350958.41","n/a","2007","Technology","Semiconductors","http://www.nasdaq.com/symbol/yge",
"YUME","YuMe, Inc.","4.47","155095415.67","n/a","2013","Technology","Advertising","http://www.nasdaq.com/symbol/yume",
"YY","YY Inc.","90.18","3508899651.72","38909954","2012","Technology","EDP Services","http://www.nasdaq.com/symbol/yy",
"ZBRA","Zebra Technologies Corporation","111.3","5910947112","n/a","1991","Technology","Industrial Machinery/Components","http://www.nasdaq.com/symbol/zbra",
"ZDGE","Zedge, Inc.","2.01","19391752.38","n/a","2016","Technology","Computer Software: Prepackaged Software","http://www.nasdaq.com/symbol/zdge",
"ZEN","Zendesk, Inc.","29.3","2944612935.5","n/a","2014","Technology","EDP Services","http://www.nasdaq.com/symbol/zen",
"ZIXI","Zix Corporation","5.32","293782061.44","n/a","n/a","Technology","EDP Services","http://www.nasdaq.com/symbol/zixi",
"ZNGA","Zynga Inc.","3.7","3202204886","n/a","2011","Technology","EDP Services","http://www.nasdaq.com/symbol/znga",
